"2020-01-22","Washoe","32031","40.67","-119.66","0"
"2020-01-22","White Pine","32033","39.44","-114.90","0"
"2020-01-22","Out of NV","80032","0.00","0.00","0"
"2020-01-22","Pershing","32027","40.44","-118.40","0"
"2020-01-22","Storey","32029","39.45","-119.53","0"
"2020-01-22","Unassigned","90032","0.00","0.00","0"
"2020-01-22","Churchill","32001","39.58","-118.34","0"
"2020-01-22","Clark","32003","36.21","-115.01","0"
"2020-01-22","Douglas","32005","38.91","-119.62","0"
"2020-01-22","Elko","32007","41.15","-115.36","0"
"2020-01-22","Carson City","32510","39.16","-119.75","0"
"2020-01-22","Lincoln","32017","37.64","-114.88","0"
"2020-01-22","Lyon","32019","39.02","-119.19","0"
"2020-01-22","Mineral","32021","38.54","-118.43","0"
"2020-01-22","Nye","32023","38.04","-116.47","0"
"2020-01-22","Esmeralda","32009","37.78","-117.63","0"
"2020-01-22","Eureka","32011","39.98","-116.27","0"
"2020-01-22","Humboldt","32013","41.41","-118.11","0"
"2020-01-22","Lander","32015","39.93","-117.04","0"
"2020-01-23","Esmeralda","32009","37.78","-117.63","0"
"2020-01-23","Eureka","32011","39.98","-116.27","0"
"2020-01-23","Humboldt","32013","41.41","-118.11","0"
"2020-01-23","Lander","32015","39.93","-117.04","0"
"2020-01-23","Out of NV","80032","0.00","0.00","0"
"2020-01-23","Pershing","32027","40.44","-118.40","0"
"2020-01-23","Storey","32029","39.45","-119.53","0"
"2020-01-23","Unassigned","90032","0.00","0.00","0"
"2020-01-23","Churchill","32001","39.58","-118.34","0"
"2020-01-23","Clark","32003","36.21","-115.01","0"
"2020-01-23","Douglas","32005","38.91","-119.62","0"
"2020-01-23","Elko","32007","41.15","-115.36","0"
"2020-01-23","Carson City","32510","39.16","-119.75","0"
"2020-01-23","Lincoln","32017","37.64","-114.88","0"
"2020-01-23","Lyon","32019","39.02","-119.19","0"
"2020-01-23","Mineral","32021","38.54","-118.43","0"
"2020-01-23","Nye","32023","38.04","-116.47","0"
"2020-01-23","Washoe","32031","40.67","-119.66","0"
"2020-01-23","White Pine","32033","39.44","-114.90","0"
"2020-01-24","Washoe","32031","40.67","-119.66","0"
"2020-01-24","White Pine","32033","39.44","-114.90","0"
"2020-01-24","Lincoln","32017","37.64","-114.88","0"
"2020-01-24","Lyon","32019","39.02","-119.19","0"
"2020-01-24","Mineral","32021","38.54","-118.43","0"
"2020-01-24","Nye","32023","38.04","-116.47","0"
"2020-01-24","Out of NV","80032","0.00","0.00","0"
"2020-01-24","Pershing","32027","40.44","-118.40","0"
"2020-01-24","Storey","32029","39.45","-119.53","0"
"2020-01-24","Unassigned","90032","0.00","0.00","0"
"2020-01-24","Esmeralda","32009","37.78","-117.63","0"
"2020-01-24","Eureka","32011","39.98","-116.27","0"
"2020-01-24","Humboldt","32013","41.41","-118.11","0"
"2020-01-24","Lander","32015","39.93","-117.04","0"
"2020-01-24","Carson City","32510","39.16","-119.75","0"
"2020-01-24","Churchill","32001","39.58","-118.34","0"
"2020-01-24","Clark","32003","36.21","-115.01","0"
"2020-01-24","Douglas","32005","38.91","-119.62","0"
"2020-01-24","Elko","32007","41.15","-115.36","0"
"2020-01-25","Esmeralda","32009","37.78","-117.63","0"
"2020-01-25","Eureka","32011","39.98","-116.27","0"
"2020-01-25","Humboldt","32013","41.41","-118.11","0"
"2020-01-25","Lander","32015","39.93","-117.04","0"
"2020-01-25","Lincoln","32017","37.64","-114.88","0"
"2020-01-25","Lyon","32019","39.02","-119.19","0"
"2020-01-25","Mineral","32021","38.54","-118.43","0"
"2020-01-25","Nye","32023","38.04","-116.47","0"
"2020-01-25","Out of NV","80032","0.00","0.00","0"
"2020-01-25","Pershing","32027","40.44","-118.40","0"
"2020-01-25","Storey","32029","39.45","-119.53","0"
"2020-01-25","Unassigned","90032","0.00","0.00","0"
"2020-01-25","Churchill","32001","39.58","-118.34","0"
"2020-01-25","Clark","32003","36.21","-115.01","0"
"2020-01-25","Douglas","32005","38.91","-119.62","0"
"2020-01-25","Elko","32007","41.15","-115.36","0"
"2020-01-25","Carson City","32510","39.16","-119.75","0"
"2020-01-25","Washoe","32031","40.67","-119.66","0"
"2020-01-25","White Pine","32033","39.44","-114.90","0"
"2020-01-26","Washoe","32031","40.67","-119.66","0"
"2020-01-26","White Pine","32033","39.44","-114.90","0"
"2020-01-26","Carson City","32510","39.16","-119.75","0"
"2020-01-26","Lincoln","32017","37.64","-114.88","0"
"2020-01-26","Lyon","32019","39.02","-119.19","0"
"2020-01-26","Mineral","32021","38.54","-118.43","0"
"2020-01-26","Nye","32023","38.04","-116.47","0"
"2020-01-26","Esmeralda","32009","37.78","-117.63","0"
"2020-01-26","Eureka","32011","39.98","-116.27","0"
"2020-01-26","Humboldt","32013","41.41","-118.11","0"
"2020-01-26","Lander","32015","39.93","-117.04","0"
"2020-01-26","Out of NV","80032","0.00","0.00","0"
"2020-01-26","Pershing","32027","40.44","-118.40","0"
"2020-01-26","Storey","32029","39.45","-119.53","0"
"2020-01-26","Unassigned","90032","0.00","0.00","0"
"2020-01-26","Churchill","32001","39.58","-118.34","0"
"2020-01-26","Clark","32003","36.21","-115.01","0"
"2020-01-26","Douglas","32005","38.91","-119.62","0"
"2020-01-26","Elko","32007","41.15","-115.36","0"
"2020-01-27","Churchill","32001","39.58","-118.34","0"
"2020-01-27","Clark","32003","36.21","-115.01","0"
"2020-01-27","Douglas","32005","38.91","-119.62","0"
"2020-01-27","Elko","32007","41.15","-115.36","0"
"2020-01-27","Carson City","32510","39.16","-119.75","0"
"2020-01-27","Lincoln","32017","37.64","-114.88","0"
"2020-01-27","Lyon","32019","39.02","-119.19","0"
"2020-01-27","Mineral","32021","38.54","-118.43","0"
"2020-01-27","Nye","32023","38.04","-116.47","0"
"2020-01-27","Out of NV","80032","0.00","0.00","0"
"2020-01-27","Pershing","32027","40.44","-118.40","0"
"2020-01-27","Storey","32029","39.45","-119.53","0"
"2020-01-27","Unassigned","90032","0.00","0.00","0"
"2020-01-27","Esmeralda","32009","37.78","-117.63","0"
"2020-01-27","Eureka","32011","39.98","-116.27","0"
"2020-01-27","Humboldt","32013","41.41","-118.11","0"
"2020-01-27","Lander","32015","39.93","-117.04","0"
"2020-01-27","Washoe","32031","40.67","-119.66","0"
"2020-01-27","White Pine","32033","39.44","-114.90","0"
"2020-01-28","Washoe","32031","40.67","-119.66","0"
"2020-01-28","White Pine","32033","39.44","-114.90","0"
"2020-01-28","Carson City","32510","39.16","-119.75","0"
"2020-01-28","Churchill","32001","39.58","-118.34","0"
"2020-01-28","Clark","32003","36.21","-115.01","0"
"2020-01-28","Douglas","32005","38.91","-119.62","0"
"2020-01-28","Elko","32007","41.15","-115.36","0"
"2020-01-28","Esmeralda","32009","37.78","-117.63","0"
"2020-01-28","Eureka","32011","39.98","-116.27","0"
"2020-01-28","Humboldt","32013","41.41","-118.11","0"
"2020-01-28","Lander","32015","39.93","-117.04","0"
"2020-01-28","Lincoln","32017","37.64","-114.88","0"
"2020-01-28","Lyon","32019","39.02","-119.19","0"
"2020-01-28","Mineral","32021","38.54","-118.43","0"
"2020-01-28","Nye","32023","38.04","-116.47","0"
"2020-01-28","Out of NV","80032","0.00","0.00","0"
"2020-01-28","Pershing","32027","40.44","-118.40","0"
"2020-01-28","Storey","32029","39.45","-119.53","0"
"2020-01-28","Unassigned","90032","0.00","0.00","0"
"2020-01-29","Washoe","32031","40.67","-119.66","0"
"2020-01-29","White Pine","32033","39.44","-114.90","0"
"2020-01-29","Out of NV","80032","0.00","0.00","0"
"2020-01-29","Pershing","32027","40.44","-118.40","0"
"2020-01-29","Storey","32029","39.45","-119.53","0"
"2020-01-29","Unassigned","90032","0.00","0.00","0"
"2020-01-29","Churchill","32001","39.58","-118.34","0"
"2020-01-29","Clark","32003","36.21","-115.01","0"
"2020-01-29","Douglas","32005","38.91","-119.62","0"
"2020-01-29","Elko","32007","41.15","-115.36","0"
"2020-01-29","Carson City","32510","39.16","-119.75","0"
"2020-01-29","Lincoln","32017","37.64","-114.88","0"
"2020-01-29","Lyon","32019","39.02","-119.19","0"
"2020-01-29","Mineral","32021","38.54","-118.43","0"
"2020-01-29","Nye","32023","38.04","-116.47","0"
"2020-01-29","Esmeralda","32009","37.78","-117.63","0"
"2020-01-29","Eureka","32011","39.98","-116.27","0"
"2020-01-29","Humboldt","32013","41.41","-118.11","0"
"2020-01-29","Lander","32015","39.93","-117.04","0"
"2020-01-30","Esmeralda","32009","37.78","-117.63","0"
"2020-01-30","Eureka","32011","39.98","-116.27","0"
"2020-01-30","Humboldt","32013","41.41","-118.11","0"
"2020-01-30","Lander","32015","39.93","-117.04","0"
"2020-01-30","Out of NV","80032","0.00","0.00","0"
"2020-01-30","Pershing","32027","40.44","-118.40","0"
"2020-01-30","Storey","32029","39.45","-119.53","0"
"2020-01-30","Unassigned","90032","0.00","0.00","0"
"2020-01-30","Churchill","32001","39.58","-118.34","0"
"2020-01-30","Clark","32003","36.21","-115.01","0"
"2020-01-30","Douglas","32005","38.91","-119.62","0"
"2020-01-30","Elko","32007","41.15","-115.36","0"
"2020-01-30","Carson City","32510","39.16","-119.75","0"
"2020-01-30","Lincoln","32017","37.64","-114.88","0"
"2020-01-30","Lyon","32019","39.02","-119.19","0"
"2020-01-30","Mineral","32021","38.54","-118.43","0"
"2020-01-30","Nye","32023","38.04","-116.47","0"
"2020-01-30","Washoe","32031","40.67","-119.66","0"
"2020-01-30","White Pine","32033","39.44","-114.90","0"
"2020-01-31","Washoe","32031","40.67","-119.66","0"
"2020-01-31","White Pine","32033","39.44","-114.90","0"
"2020-01-31","Lincoln","32017","37.64","-114.88","0"
"2020-01-31","Lyon","32019","39.02","-119.19","0"
"2020-01-31","Mineral","32021","38.54","-118.43","0"
"2020-01-31","Nye","32023","38.04","-116.47","0"
"2020-01-31","Out of NV","80032","0.00","0.00","0"
"2020-01-31","Pershing","32027","40.44","-118.40","0"
"2020-01-31","Storey","32029","39.45","-119.53","0"
"2020-01-31","Unassigned","90032","0.00","0.00","0"
"2020-01-31","Esmeralda","32009","37.78","-117.63","0"
"2020-01-31","Eureka","32011","39.98","-116.27","0"
"2020-01-31","Humboldt","32013","41.41","-118.11","0"
"2020-01-31","Lander","32015","39.93","-117.04","0"
"2020-01-31","Carson City","32510","39.16","-119.75","0"
"2020-01-31","Churchill","32001","39.58","-118.34","0"
"2020-01-31","Clark","32003","36.21","-115.01","0"
"2020-01-31","Douglas","32005","38.91","-119.62","0"
"2020-01-31","Elko","32007","41.15","-115.36","0"
"2020-02-01","Esmeralda","32009","37.78","-117.63","0"
"2020-02-01","Eureka","32011","39.98","-116.27","0"
"2020-02-01","Humboldt","32013","41.41","-118.11","0"
"2020-02-01","Lander","32015","39.93","-117.04","0"
"2020-02-01","Lincoln","32017","37.64","-114.88","0"
"2020-02-01","Lyon","32019","39.02","-119.19","0"
"2020-02-01","Mineral","32021","38.54","-118.43","0"
"2020-02-01","Nye","32023","38.04","-116.47","0"
"2020-02-01","Out of NV","80032","0.00","0.00","0"
"2020-02-01","Pershing","32027","40.44","-118.40","0"
"2020-02-01","Storey","32029","39.45","-119.53","0"
"2020-02-01","Unassigned","90032","0.00","0.00","0"
"2020-02-01","Churchill","32001","39.58","-118.34","0"
"2020-02-01","Clark","32003","36.21","-115.01","0"
"2020-02-01","Douglas","32005","38.91","-119.62","0"
"2020-02-01","Elko","32007","41.15","-115.36","0"
"2020-02-01","Carson City","32510","39.16","-119.75","0"
"2020-02-01","Washoe","32031","40.67","-119.66","0"
"2020-02-01","White Pine","32033","39.44","-114.90","0"
"2020-02-02","Washoe","32031","40.67","-119.66","0"
"2020-02-02","White Pine","32033","39.44","-114.90","0"
"2020-02-02","Carson City","32510","39.16","-119.75","0"
"2020-02-02","Lincoln","32017","37.64","-114.88","0"
"2020-02-02","Lyon","32019","39.02","-119.19","0"
"2020-02-02","Mineral","32021","38.54","-118.43","0"
"2020-02-02","Nye","32023","38.04","-116.47","0"
"2020-02-02","Esmeralda","32009","37.78","-117.63","0"
"2020-02-02","Eureka","32011","39.98","-116.27","0"
"2020-02-02","Humboldt","32013","41.41","-118.11","0"
"2020-02-02","Lander","32015","39.93","-117.04","0"
"2020-02-02","Out of NV","80032","0.00","0.00","0"
"2020-02-02","Pershing","32027","40.44","-118.40","0"
"2020-02-02","Storey","32029","39.45","-119.53","0"
"2020-02-02","Unassigned","90032","0.00","0.00","0"
"2020-02-02","Churchill","32001","39.58","-118.34","0"
"2020-02-02","Clark","32003","36.21","-115.01","0"
"2020-02-02","Douglas","32005","38.91","-119.62","0"
"2020-02-02","Elko","32007","41.15","-115.36","0"
"2020-02-03","Churchill","32001","39.58","-118.34","0"
"2020-02-03","Clark","32003","36.21","-115.01","0"
"2020-02-03","Douglas","32005","38.91","-119.62","0"
"2020-02-03","Elko","32007","41.15","-115.36","0"
"2020-02-03","Carson City","32510","39.16","-119.75","0"
"2020-02-03","Lincoln","32017","37.64","-114.88","0"
"2020-02-03","Lyon","32019","39.02","-119.19","0"
"2020-02-03","Mineral","32021","38.54","-118.43","0"
"2020-02-03","Nye","32023","38.04","-116.47","0"
"2020-02-03","Out of NV","80032","0.00","0.00","0"
"2020-02-03","Pershing","32027","40.44","-118.40","0"
"2020-02-03","Storey","32029","39.45","-119.53","0"
"2020-02-03","Unassigned","90032","0.00","0.00","0"
"2020-02-03","Esmeralda","32009","37.78","-117.63","0"
"2020-02-03","Eureka","32011","39.98","-116.27","0"
"2020-02-03","Humboldt","32013","41.41","-118.11","0"
"2020-02-03","Lander","32015","39.93","-117.04","0"
"2020-02-03","Washoe","32031","40.67","-119.66","0"
"2020-02-03","White Pine","32033","39.44","-114.90","0"
"2020-02-04","Washoe","32031","40.67","-119.66","0"
"2020-02-04","White Pine","32033","39.44","-114.90","0"
"2020-02-04","Carson City","32510","39.16","-119.75","0"
"2020-02-04","Churchill","32001","39.58","-118.34","0"
"2020-02-04","Clark","32003","36.21","-115.01","0"
"2020-02-04","Douglas","32005","38.91","-119.62","0"
"2020-02-04","Elko","32007","41.15","-115.36","0"
"2020-02-04","Esmeralda","32009","37.78","-117.63","0"
"2020-02-04","Eureka","32011","39.98","-116.27","0"
"2020-02-04","Humboldt","32013","41.41","-118.11","0"
"2020-02-04","Lander","32015","39.93","-117.04","0"
"2020-02-04","Lincoln","32017","37.64","-114.88","0"
"2020-02-04","Lyon","32019","39.02","-119.19","0"
"2020-02-04","Mineral","32021","38.54","-118.43","0"
"2020-02-04","Nye","32023","38.04","-116.47","0"
"2020-02-04","Out of NV","80032","0.00","0.00","0"
"2020-02-04","Pershing","32027","40.44","-118.40","0"
"2020-02-04","Storey","32029","39.45","-119.53","0"
"2020-02-04","Unassigned","90032","0.00","0.00","0"
"2020-02-05","Washoe","32031","40.67","-119.66","0"
"2020-02-05","White Pine","32033","39.44","-114.90","0"
"2020-02-05","Out of NV","80032","0.00","0.00","0"
"2020-02-05","Pershing","32027","40.44","-118.40","0"
"2020-02-05","Storey","32029","39.45","-119.53","0"
"2020-02-05","Unassigned","90032","0.00","0.00","0"
"2020-02-05","Churchill","32001","39.58","-118.34","0"
"2020-02-05","Clark","32003","36.21","-115.01","0"
"2020-02-05","Douglas","32005","38.91","-119.62","0"
"2020-02-05","Elko","32007","41.15","-115.36","0"
"2020-02-05","Carson City","32510","39.16","-119.75","0"
"2020-02-05","Lincoln","32017","37.64","-114.88","0"
"2020-02-05","Lyon","32019","39.02","-119.19","0"
"2020-02-05","Mineral","32021","38.54","-118.43","0"
"2020-02-05","Nye","32023","38.04","-116.47","0"
"2020-02-05","Esmeralda","32009","37.78","-117.63","0"
"2020-02-05","Eureka","32011","39.98","-116.27","0"
"2020-02-05","Humboldt","32013","41.41","-118.11","0"
"2020-02-05","Lander","32015","39.93","-117.04","0"
"2020-02-06","Esmeralda","32009","37.78","-117.63","0"
"2020-02-06","Eureka","32011","39.98","-116.27","0"
"2020-02-06","Humboldt","32013","41.41","-118.11","0"
"2020-02-06","Lander","32015","39.93","-117.04","0"
"2020-02-06","Out of NV","80032","0.00","0.00","0"
"2020-02-06","Pershing","32027","40.44","-118.40","0"
"2020-02-06","Storey","32029","39.45","-119.53","0"
"2020-02-06","Unassigned","90032","0.00","0.00","0"
"2020-02-06","Churchill","32001","39.58","-118.34","0"
"2020-02-06","Clark","32003","36.21","-115.01","0"
"2020-02-06","Douglas","32005","38.91","-119.62","0"
"2020-02-06","Elko","32007","41.15","-115.36","0"
"2020-02-06","Carson City","32510","39.16","-119.75","0"
"2020-02-06","Lincoln","32017","37.64","-114.88","0"
"2020-02-06","Lyon","32019","39.02","-119.19","0"
"2020-02-06","Mineral","32021","38.54","-118.43","0"
"2020-02-06","Nye","32023","38.04","-116.47","0"
"2020-02-06","Washoe","32031","40.67","-119.66","0"
"2020-02-06","White Pine","32033","39.44","-114.90","0"
"2020-02-07","Washoe","32031","40.67","-119.66","0"
"2020-02-07","White Pine","32033","39.44","-114.90","0"
"2020-02-07","Lincoln","32017","37.64","-114.88","0"
"2020-02-07","Lyon","32019","39.02","-119.19","0"
"2020-02-07","Mineral","32021","38.54","-118.43","0"
"2020-02-07","Nye","32023","38.04","-116.47","0"
"2020-02-07","Out of NV","80032","0.00","0.00","0"
"2020-02-07","Pershing","32027","40.44","-118.40","0"
"2020-02-07","Storey","32029","39.45","-119.53","0"
"2020-02-07","Unassigned","90032","0.00","0.00","0"
"2020-02-07","Esmeralda","32009","37.78","-117.63","0"
"2020-02-07","Eureka","32011","39.98","-116.27","0"
"2020-02-07","Humboldt","32013","41.41","-118.11","0"
"2020-02-07","Lander","32015","39.93","-117.04","0"
"2020-02-07","Carson City","32510","39.16","-119.75","0"
"2020-02-07","Churchill","32001","39.58","-118.34","0"
"2020-02-07","Clark","32003","36.21","-115.01","0"
"2020-02-07","Douglas","32005","38.91","-119.62","0"
"2020-02-07","Elko","32007","41.15","-115.36","0"
"2020-02-08","Esmeralda","32009","37.78","-117.63","0"
"2020-02-08","Eureka","32011","39.98","-116.27","0"
"2020-02-08","Humboldt","32013","41.41","-118.11","0"
"2020-02-08","Lander","32015","39.93","-117.04","0"
"2020-02-08","Lincoln","32017","37.64","-114.88","0"
"2020-02-08","Lyon","32019","39.02","-119.19","0"
"2020-02-08","Mineral","32021","38.54","-118.43","0"
"2020-02-08","Nye","32023","38.04","-116.47","0"
"2020-02-08","Out of NV","80032","0.00","0.00","0"
"2020-02-08","Pershing","32027","40.44","-118.40","0"
"2020-02-08","Storey","32029","39.45","-119.53","0"
"2020-02-08","Unassigned","90032","0.00","0.00","0"
"2020-02-08","Churchill","32001","39.58","-118.34","0"
"2020-02-08","Clark","32003","36.21","-115.01","0"
"2020-02-08","Douglas","32005","38.91","-119.62","0"
"2020-02-08","Elko","32007","41.15","-115.36","0"
"2020-02-08","Carson City","32510","39.16","-119.75","0"
"2020-02-08","Washoe","32031","40.67","-119.66","0"
"2020-02-08","White Pine","32033","39.44","-114.90","0"
"2020-02-09","Washoe","32031","40.67","-119.66","0"
"2020-02-09","White Pine","32033","39.44","-114.90","0"
"2020-02-09","Carson City","32510","39.16","-119.75","0"
"2020-02-09","Lincoln","32017","37.64","-114.88","0"
"2020-02-09","Lyon","32019","39.02","-119.19","0"
"2020-02-09","Mineral","32021","38.54","-118.43","0"
"2020-02-09","Nye","32023","38.04","-116.47","0"
"2020-02-09","Esmeralda","32009","37.78","-117.63","0"
"2020-02-09","Eureka","32011","39.98","-116.27","0"
"2020-02-09","Humboldt","32013","41.41","-118.11","0"
"2020-02-09","Lander","32015","39.93","-117.04","0"
"2020-02-09","Out of NV","80032","0.00","0.00","0"
"2020-02-09","Pershing","32027","40.44","-118.40","0"
"2020-02-09","Storey","32029","39.45","-119.53","0"
"2020-02-09","Unassigned","90032","0.00","0.00","0"
"2020-02-09","Churchill","32001","39.58","-118.34","0"
"2020-02-09","Clark","32003","36.21","-115.01","0"
"2020-02-09","Douglas","32005","38.91","-119.62","0"
"2020-02-09","Elko","32007","41.15","-115.36","0"
"2020-02-10","Churchill","32001","39.58","-118.34","0"
"2020-02-10","Clark","32003","36.21","-115.01","0"
"2020-02-10","Douglas","32005","38.91","-119.62","0"
"2020-02-10","Elko","32007","41.15","-115.36","0"
"2020-02-10","Carson City","32510","39.16","-119.75","0"
"2020-02-10","Lincoln","32017","37.64","-114.88","0"
"2020-02-10","Lyon","32019","39.02","-119.19","0"
"2020-02-10","Mineral","32021","38.54","-118.43","0"
"2020-02-10","Nye","32023","38.04","-116.47","0"
"2020-02-10","Out of NV","80032","0.00","0.00","0"
"2020-02-10","Pershing","32027","40.44","-118.40","0"
"2020-02-10","Storey","32029","39.45","-119.53","0"
"2020-02-10","Unassigned","90032","0.00","0.00","0"
"2020-02-10","Esmeralda","32009","37.78","-117.63","0"
"2020-02-10","Eureka","32011","39.98","-116.27","0"
"2020-02-10","Humboldt","32013","41.41","-118.11","0"
"2020-02-10","Lander","32015","39.93","-117.04","0"
"2020-02-10","Washoe","32031","40.67","-119.66","0"
"2020-02-10","White Pine","32033","39.44","-114.90","0"
"2020-02-11","Washoe","32031","40.67","-119.66","0"
"2020-02-11","White Pine","32033","39.44","-114.90","0"
"2020-02-11","Carson City","32510","39.16","-119.75","0"
"2020-02-11","Churchill","32001","39.58","-118.34","0"
"2020-02-11","Clark","32003","36.21","-115.01","0"
"2020-02-11","Douglas","32005","38.91","-119.62","0"
"2020-02-11","Elko","32007","41.15","-115.36","0"
"2020-02-11","Esmeralda","32009","37.78","-117.63","0"
"2020-02-11","Eureka","32011","39.98","-116.27","0"
"2020-02-11","Humboldt","32013","41.41","-118.11","0"
"2020-02-11","Lander","32015","39.93","-117.04","0"
"2020-02-11","Lincoln","32017","37.64","-114.88","0"
"2020-02-11","Lyon","32019","39.02","-119.19","0"
"2020-02-11","Mineral","32021","38.54","-118.43","0"
"2020-02-11","Nye","32023","38.04","-116.47","0"
"2020-02-11","Out of NV","80032","0.00","0.00","0"
"2020-02-11","Pershing","32027","40.44","-118.40","0"
"2020-02-11","Storey","32029","39.45","-119.53","0"
"2020-02-11","Unassigned","90032","0.00","0.00","0"
"2020-02-12","Washoe","32031","40.67","-119.66","0"
"2020-02-12","White Pine","32033","39.44","-114.90","0"
"2020-02-12","Out of NV","80032","0.00","0.00","0"
"2020-02-12","Pershing","32027","40.44","-118.40","0"
"2020-02-12","Storey","32029","39.45","-119.53","0"
"2020-02-12","Unassigned","90032","0.00","0.00","0"
"2020-02-12","Churchill","32001","39.58","-118.34","0"
"2020-02-12","Clark","32003","36.21","-115.01","0"
"2020-02-12","Douglas","32005","38.91","-119.62","0"
"2020-02-12","Elko","32007","41.15","-115.36","0"
"2020-02-12","Carson City","32510","39.16","-119.75","0"
"2020-02-12","Lincoln","32017","37.64","-114.88","0"
"2020-02-12","Lyon","32019","39.02","-119.19","0"
"2020-02-12","Mineral","32021","38.54","-118.43","0"
"2020-02-12","Nye","32023","38.04","-116.47","0"
"2020-02-12","Esmeralda","32009","37.78","-117.63","0"
"2020-02-12","Eureka","32011","39.98","-116.27","0"
"2020-02-12","Humboldt","32013","41.41","-118.11","0"
"2020-02-12","Lander","32015","39.93","-117.04","0"
"2020-02-13","Esmeralda","32009","37.78","-117.63","0"
"2020-02-13","Eureka","32011","39.98","-116.27","0"
"2020-02-13","Humboldt","32013","41.41","-118.11","0"
"2020-02-13","Lander","32015","39.93","-117.04","0"
"2020-02-13","Out of NV","80032","0.00","0.00","0"
"2020-02-13","Pershing","32027","40.44","-118.40","0"
"2020-02-13","Storey","32029","39.45","-119.53","0"
"2020-02-13","Unassigned","90032","0.00","0.00","0"
"2020-02-13","Churchill","32001","39.58","-118.34","0"
"2020-02-13","Clark","32003","36.21","-115.01","0"
"2020-02-13","Douglas","32005","38.91","-119.62","0"
"2020-02-13","Elko","32007","41.15","-115.36","0"
"2020-02-13","Carson City","32510","39.16","-119.75","0"
"2020-02-13","Lincoln","32017","37.64","-114.88","0"
"2020-02-13","Lyon","32019","39.02","-119.19","0"
"2020-02-13","Mineral","32021","38.54","-118.43","0"
"2020-02-13","Nye","32023","38.04","-116.47","0"
"2020-02-13","Washoe","32031","40.67","-119.66","0"
"2020-02-13","White Pine","32033","39.44","-114.90","0"
"2020-02-14","Washoe","32031","40.67","-119.66","0"
"2020-02-14","White Pine","32033","39.44","-114.90","0"
"2020-02-14","Lincoln","32017","37.64","-114.88","0"
"2020-02-14","Lyon","32019","39.02","-119.19","0"
"2020-02-14","Mineral","32021","38.54","-118.43","0"
"2020-02-14","Nye","32023","38.04","-116.47","0"
"2020-02-14","Out of NV","80032","0.00","0.00","0"
"2020-02-14","Pershing","32027","40.44","-118.40","0"
"2020-02-14","Storey","32029","39.45","-119.53","0"
"2020-02-14","Unassigned","90032","0.00","0.00","0"
"2020-02-14","Esmeralda","32009","37.78","-117.63","0"
"2020-02-14","Eureka","32011","39.98","-116.27","0"
"2020-02-14","Humboldt","32013","41.41","-118.11","0"
"2020-02-14","Lander","32015","39.93","-117.04","0"
"2020-02-14","Carson City","32510","39.16","-119.75","0"
"2020-02-14","Churchill","32001","39.58","-118.34","0"
"2020-02-14","Clark","32003","36.21","-115.01","0"
"2020-02-14","Douglas","32005","38.91","-119.62","0"
"2020-02-14","Elko","32007","41.15","-115.36","0"
"2020-02-15","Esmeralda","32009","37.78","-117.63","0"
"2020-02-15","Eureka","32011","39.98","-116.27","0"
"2020-02-15","Humboldt","32013","41.41","-118.11","0"
"2020-02-15","Lander","32015","39.93","-117.04","0"
"2020-02-15","Lincoln","32017","37.64","-114.88","0"
"2020-02-15","Lyon","32019","39.02","-119.19","0"
"2020-02-15","Mineral","32021","38.54","-118.43","0"
"2020-02-15","Nye","32023","38.04","-116.47","0"
"2020-02-15","Out of NV","80032","0.00","0.00","0"
"2020-02-15","Pershing","32027","40.44","-118.40","0"
"2020-02-15","Storey","32029","39.45","-119.53","0"
"2020-02-15","Unassigned","90032","0.00","0.00","0"
"2020-02-15","Churchill","32001","39.58","-118.34","0"
"2020-02-15","Clark","32003","36.21","-115.01","0"
"2020-02-15","Douglas","32005","38.91","-119.62","0"
"2020-02-15","Elko","32007","41.15","-115.36","0"
"2020-02-15","Carson City","32510","39.16","-119.75","0"
"2020-02-15","Washoe","32031","40.67","-119.66","0"
"2020-02-15","White Pine","32033","39.44","-114.90","0"
"2020-02-16","Washoe","32031","40.67","-119.66","0"
"2020-02-16","White Pine","32033","39.44","-114.90","0"
"2020-02-16","Carson City","32510","39.16","-119.75","0"
"2020-02-16","Lincoln","32017","37.64","-114.88","0"
"2020-02-16","Lyon","32019","39.02","-119.19","0"
"2020-02-16","Mineral","32021","38.54","-118.43","0"
"2020-02-16","Nye","32023","38.04","-116.47","0"
"2020-02-16","Esmeralda","32009","37.78","-117.63","0"
"2020-02-16","Eureka","32011","39.98","-116.27","0"
"2020-02-16","Humboldt","32013","41.41","-118.11","0"
"2020-02-16","Lander","32015","39.93","-117.04","0"
"2020-02-16","Out of NV","80032","0.00","0.00","0"
"2020-02-16","Pershing","32027","40.44","-118.40","0"
"2020-02-16","Storey","32029","39.45","-119.53","0"
"2020-02-16","Unassigned","90032","0.00","0.00","0"
"2020-02-16","Churchill","32001","39.58","-118.34","0"
"2020-02-16","Clark","32003","36.21","-115.01","0"
"2020-02-16","Douglas","32005","38.91","-119.62","0"
"2020-02-16","Elko","32007","41.15","-115.36","0"
"2020-02-17","Churchill","32001","39.58","-118.34","0"
"2020-02-17","Clark","32003","36.21","-115.01","0"
"2020-02-17","Douglas","32005","38.91","-119.62","0"
"2020-02-17","Elko","32007","41.15","-115.36","0"
"2020-02-17","Carson City","32510","39.16","-119.75","0"
"2020-02-17","Lincoln","32017","37.64","-114.88","0"
"2020-02-17","Lyon","32019","39.02","-119.19","0"
"2020-02-17","Mineral","32021","38.54","-118.43","0"
"2020-02-17","Nye","32023","38.04","-116.47","0"
"2020-02-17","Out of NV","80032","0.00","0.00","0"
"2020-02-17","Pershing","32027","40.44","-118.40","0"
"2020-02-17","Storey","32029","39.45","-119.53","0"
"2020-02-17","Unassigned","90032","0.00","0.00","0"
"2020-02-17","Esmeralda","32009","37.78","-117.63","0"
"2020-02-17","Eureka","32011","39.98","-116.27","0"
"2020-02-17","Humboldt","32013","41.41","-118.11","0"
"2020-02-17","Lander","32015","39.93","-117.04","0"
"2020-02-17","Washoe","32031","40.67","-119.66","0"
"2020-02-17","White Pine","32033","39.44","-114.90","0"
"2020-02-18","Washoe","32031","40.67","-119.66","0"
"2020-02-18","White Pine","32033","39.44","-114.90","0"
"2020-02-18","Carson City","32510","39.16","-119.75","0"
"2020-02-18","Churchill","32001","39.58","-118.34","0"
"2020-02-18","Clark","32003","36.21","-115.01","0"
"2020-02-18","Douglas","32005","38.91","-119.62","0"
"2020-02-18","Elko","32007","41.15","-115.36","0"
"2020-02-18","Esmeralda","32009","37.78","-117.63","0"
"2020-02-18","Eureka","32011","39.98","-116.27","0"
"2020-02-18","Humboldt","32013","41.41","-118.11","0"
"2020-02-18","Lander","32015","39.93","-117.04","0"
"2020-02-18","Lincoln","32017","37.64","-114.88","0"
"2020-02-18","Lyon","32019","39.02","-119.19","0"
"2020-02-18","Mineral","32021","38.54","-118.43","0"
"2020-02-18","Nye","32023","38.04","-116.47","0"
"2020-02-18","Out of NV","80032","0.00","0.00","0"
"2020-02-18","Pershing","32027","40.44","-118.40","0"
"2020-02-18","Storey","32029","39.45","-119.53","0"
"2020-02-18","Unassigned","90032","0.00","0.00","0"
"2020-02-19","Washoe","32031","40.67","-119.66","0"
"2020-02-19","White Pine","32033","39.44","-114.90","0"
"2020-02-19","Out of NV","80032","0.00","0.00","0"
"2020-02-19","Pershing","32027","40.44","-118.40","0"
"2020-02-19","Storey","32029","39.45","-119.53","0"
"2020-02-19","Unassigned","90032","0.00","0.00","0"
"2020-02-19","Churchill","32001","39.58","-118.34","0"
"2020-02-19","Clark","32003","36.21","-115.01","0"
"2020-02-19","Douglas","32005","38.91","-119.62","0"
"2020-02-19","Elko","32007","41.15","-115.36","0"
"2020-02-19","Carson City","32510","39.16","-119.75","0"
"2020-02-19","Lincoln","32017","37.64","-114.88","0"
"2020-02-19","Lyon","32019","39.02","-119.19","0"
"2020-02-19","Mineral","32021","38.54","-118.43","0"
"2020-02-19","Nye","32023","38.04","-116.47","0"
"2020-02-19","Esmeralda","32009","37.78","-117.63","0"
"2020-02-19","Eureka","32011","39.98","-116.27","0"
"2020-02-19","Humboldt","32013","41.41","-118.11","0"
"2020-02-19","Lander","32015","39.93","-117.04","0"
"2020-02-20","Esmeralda","32009","37.78","-117.63","0"
"2020-02-20","Eureka","32011","39.98","-116.27","0"
"2020-02-20","Humboldt","32013","41.41","-118.11","0"
"2020-02-20","Lander","32015","39.93","-117.04","0"
"2020-02-20","Out of NV","80032","0.00","0.00","0"
"2020-02-20","Pershing","32027","40.44","-118.40","0"
"2020-02-20","Storey","32029","39.45","-119.53","0"
"2020-02-20","Unassigned","90032","0.00","0.00","0"
"2020-02-20","Churchill","32001","39.58","-118.34","0"
"2020-02-20","Clark","32003","36.21","-115.01","0"
"2020-02-20","Douglas","32005","38.91","-119.62","0"
"2020-02-20","Elko","32007","41.15","-115.36","0"
"2020-02-20","Carson City","32510","39.16","-119.75","0"
"2020-02-20","Lincoln","32017","37.64","-114.88","0"
"2020-02-20","Lyon","32019","39.02","-119.19","0"
"2020-02-20","Mineral","32021","38.54","-118.43","0"
"2020-02-20","Nye","32023","38.04","-116.47","0"
"2020-02-20","Washoe","32031","40.67","-119.66","0"
"2020-02-20","White Pine","32033","39.44","-114.90","0"
"2020-02-21","Washoe","32031","40.67","-119.66","0"
"2020-02-21","White Pine","32033","39.44","-114.90","0"
"2020-02-21","Lincoln","32017","37.64","-114.88","0"
"2020-02-21","Lyon","32019","39.02","-119.19","0"
"2020-02-21","Mineral","32021","38.54","-118.43","0"
"2020-02-21","Nye","32023","38.04","-116.47","0"
"2020-02-21","Out of NV","80032","0.00","0.00","0"
"2020-02-21","Pershing","32027","40.44","-118.40","0"
"2020-02-21","Storey","32029","39.45","-119.53","0"
"2020-02-21","Unassigned","90032","0.00","0.00","0"
"2020-02-21","Esmeralda","32009","37.78","-117.63","0"
"2020-02-21","Eureka","32011","39.98","-116.27","0"
"2020-02-21","Humboldt","32013","41.41","-118.11","0"
"2020-02-21","Lander","32015","39.93","-117.04","0"
"2020-02-21","Carson City","32510","39.16","-119.75","0"
"2020-02-21","Churchill","32001","39.58","-118.34","0"
"2020-02-21","Clark","32003","36.21","-115.01","0"
"2020-02-21","Douglas","32005","38.91","-119.62","0"
"2020-02-21","Elko","32007","41.15","-115.36","0"
"2020-02-22","Esmeralda","32009","37.78","-117.63","0"
"2020-02-22","Eureka","32011","39.98","-116.27","0"
"2020-02-22","Humboldt","32013","41.41","-118.11","0"
"2020-02-22","Lander","32015","39.93","-117.04","0"
"2020-02-22","Lincoln","32017","37.64","-114.88","0"
"2020-02-22","Lyon","32019","39.02","-119.19","0"
"2020-02-22","Mineral","32021","38.54","-118.43","0"
"2020-02-22","Nye","32023","38.04","-116.47","0"
"2020-02-22","Out of NV","80032","0.00","0.00","0"
"2020-02-22","Pershing","32027","40.44","-118.40","0"
"2020-02-22","Storey","32029","39.45","-119.53","0"
"2020-02-22","Unassigned","90032","0.00","0.00","0"
"2020-02-22","Churchill","32001","39.58","-118.34","0"
"2020-02-22","Clark","32003","36.21","-115.01","0"
"2020-02-22","Douglas","32005","38.91","-119.62","0"
"2020-02-22","Elko","32007","41.15","-115.36","0"
"2020-02-22","Carson City","32510","39.16","-119.75","0"
"2020-02-22","Washoe","32031","40.67","-119.66","0"
"2020-02-22","White Pine","32033","39.44","-114.90","0"
"2020-02-23","Washoe","32031","40.67","-119.66","0"
"2020-02-23","White Pine","32033","39.44","-114.90","0"
"2020-02-23","Carson City","32510","39.16","-119.75","0"
"2020-02-23","Lincoln","32017","37.64","-114.88","0"
"2020-02-23","Lyon","32019","39.02","-119.19","0"
"2020-02-23","Mineral","32021","38.54","-118.43","0"
"2020-02-23","Nye","32023","38.04","-116.47","0"
"2020-02-23","Esmeralda","32009","37.78","-117.63","0"
"2020-02-23","Eureka","32011","39.98","-116.27","0"
"2020-02-23","Humboldt","32013","41.41","-118.11","0"
"2020-02-23","Lander","32015","39.93","-117.04","0"
"2020-02-23","Out of NV","80032","0.00","0.00","0"
"2020-02-23","Pershing","32027","40.44","-118.40","0"
"2020-02-23","Storey","32029","39.45","-119.53","0"
"2020-02-23","Unassigned","90032","0.00","0.00","0"
"2020-02-23","Churchill","32001","39.58","-118.34","0"
"2020-02-23","Clark","32003","36.21","-115.01","0"
"2020-02-23","Douglas","32005","38.91","-119.62","0"
"2020-02-23","Elko","32007","41.15","-115.36","0"
"2020-02-24","Churchill","32001","39.58","-118.34","0"
"2020-02-24","Clark","32003","36.21","-115.01","0"
"2020-02-24","Douglas","32005","38.91","-119.62","0"
"2020-02-24","Elko","32007","41.15","-115.36","0"
"2020-02-24","Carson City","32510","39.16","-119.75","0"
"2020-02-24","Lincoln","32017","37.64","-114.88","0"
"2020-02-24","Lyon","32019","39.02","-119.19","0"
"2020-02-24","Mineral","32021","38.54","-118.43","0"
"2020-02-24","Nye","32023","38.04","-116.47","0"
"2020-02-24","Out of NV","80032","0.00","0.00","0"
"2020-02-24","Pershing","32027","40.44","-118.40","0"
"2020-02-24","Storey","32029","39.45","-119.53","0"
"2020-02-24","Unassigned","90032","0.00","0.00","0"
"2020-02-24","Esmeralda","32009","37.78","-117.63","0"
"2020-02-24","Eureka","32011","39.98","-116.27","0"
"2020-02-24","Humboldt","32013","41.41","-118.11","0"
"2020-02-24","Lander","32015","39.93","-117.04","0"
"2020-02-24","Washoe","32031","40.67","-119.66","0"
"2020-02-24","White Pine","32033","39.44","-114.90","0"
"2020-02-25","Washoe","32031","40.67","-119.66","0"
"2020-02-25","White Pine","32033","39.44","-114.90","0"
"2020-02-25","Carson City","32510","39.16","-119.75","0"
"2020-02-25","Churchill","32001","39.58","-118.34","0"
"2020-02-25","Clark","32003","36.21","-115.01","0"
"2020-02-25","Douglas","32005","38.91","-119.62","0"
"2020-02-25","Elko","32007","41.15","-115.36","0"
"2020-02-25","Esmeralda","32009","37.78","-117.63","0"
"2020-02-25","Eureka","32011","39.98","-116.27","0"
"2020-02-25","Humboldt","32013","41.41","-118.11","0"
"2020-02-25","Lander","32015","39.93","-117.04","0"
"2020-02-25","Lincoln","32017","37.64","-114.88","0"
"2020-02-25","Lyon","32019","39.02","-119.19","0"
"2020-02-25","Mineral","32021","38.54","-118.43","0"
"2020-02-25","Nye","32023","38.04","-116.47","0"
"2020-02-25","Out of NV","80032","0.00","0.00","0"
"2020-02-25","Pershing","32027","40.44","-118.40","0"
"2020-02-25","Storey","32029","39.45","-119.53","0"
"2020-02-25","Unassigned","90032","0.00","0.00","0"
"2020-02-26","Washoe","32031","40.67","-119.66","0"
"2020-02-26","White Pine","32033","39.44","-114.90","0"
"2020-02-26","Out of NV","80032","0.00","0.00","0"
"2020-02-26","Pershing","32027","40.44","-118.40","0"
"2020-02-26","Storey","32029","39.45","-119.53","0"
"2020-02-26","Unassigned","90032","0.00","0.00","0"
"2020-02-26","Churchill","32001","39.58","-118.34","0"
"2020-02-26","Clark","32003","36.21","-115.01","0"
"2020-02-26","Douglas","32005","38.91","-119.62","0"
"2020-02-26","Elko","32007","41.15","-115.36","0"
"2020-02-26","Carson City","32510","39.16","-119.75","0"
"2020-02-26","Lincoln","32017","37.64","-114.88","0"
"2020-02-26","Lyon","32019","39.02","-119.19","0"
"2020-02-26","Mineral","32021","38.54","-118.43","0"
"2020-02-26","Nye","32023","38.04","-116.47","0"
"2020-02-26","Esmeralda","32009","37.78","-117.63","0"
"2020-02-26","Eureka","32011","39.98","-116.27","0"
"2020-02-26","Humboldt","32013","41.41","-118.11","0"
"2020-02-26","Lander","32015","39.93","-117.04","0"
"2020-02-27","Esmeralda","32009","37.78","-117.63","0"
"2020-02-27","Eureka","32011","39.98","-116.27","0"
"2020-02-27","Humboldt","32013","41.41","-118.11","0"
"2020-02-27","Lander","32015","39.93","-117.04","0"
"2020-02-27","Out of NV","80032","0.00","0.00","0"
"2020-02-27","Pershing","32027","40.44","-118.40","0"
"2020-02-27","Storey","32029","39.45","-119.53","0"
"2020-02-27","Unassigned","90032","0.00","0.00","0"
"2020-02-27","Churchill","32001","39.58","-118.34","0"
"2020-02-27","Clark","32003","36.21","-115.01","0"
"2020-02-27","Douglas","32005","38.91","-119.62","0"
"2020-02-27","Elko","32007","41.15","-115.36","0"
"2020-02-27","Carson City","32510","39.16","-119.75","0"
"2020-02-27","Lincoln","32017","37.64","-114.88","0"
"2020-02-27","Lyon","32019","39.02","-119.19","0"
"2020-02-27","Mineral","32021","38.54","-118.43","0"
"2020-02-27","Nye","32023","38.04","-116.47","0"
"2020-02-27","Washoe","32031","40.67","-119.66","0"
"2020-02-27","White Pine","32033","39.44","-114.90","0"
"2020-02-28","Washoe","32031","40.67","-119.66","0"
"2020-02-28","White Pine","32033","39.44","-114.90","0"
"2020-02-28","Lincoln","32017","37.64","-114.88","0"
"2020-02-28","Lyon","32019","39.02","-119.19","0"
"2020-02-28","Mineral","32021","38.54","-118.43","0"
"2020-02-28","Nye","32023","38.04","-116.47","0"
"2020-02-28","Out of NV","80032","0.00","0.00","0"
"2020-02-28","Pershing","32027","40.44","-118.40","0"
"2020-02-28","Storey","32029","39.45","-119.53","0"
"2020-02-28","Unassigned","90032","0.00","0.00","0"
"2020-02-28","Esmeralda","32009","37.78","-117.63","0"
"2020-02-28","Eureka","32011","39.98","-116.27","0"
"2020-02-28","Humboldt","32013","41.41","-118.11","0"
"2020-02-28","Lander","32015","39.93","-117.04","0"
"2020-02-28","Carson City","32510","39.16","-119.75","0"
"2020-02-28","Churchill","32001","39.58","-118.34","0"
"2020-02-28","Clark","32003","36.21","-115.01","0"
"2020-02-28","Douglas","32005","38.91","-119.62","0"
"2020-02-28","Elko","32007","41.15","-115.36","0"
"2020-02-29","Elko","32007","41.15","-115.36","0"
"2020-02-29","Esmeralda","32009","37.78","-117.63","0"
"2020-02-29","Eureka","32011","39.98","-116.27","0"
"2020-02-29","Humboldt","32013","41.41","-118.11","0"
"2020-02-29","Lander","32015","39.93","-117.04","0"
"2020-02-29","Lincoln","32017","37.64","-114.88","0"
"2020-02-29","Lyon","32019","39.02","-119.19","0"
"2020-02-29","Mineral","32021","38.54","-118.43","0"
"2020-02-29","Nye","32023","38.04","-116.47","0"
"2020-02-29","Out of NV","80032","0.00","0.00","0"
"2020-02-29","Pershing","32027","40.44","-118.40","0"
"2020-02-29","Storey","32029","39.45","-119.53","0"
"2020-02-29","Unassigned","90032","0.00","0.00","0"
"2020-02-29","Carson City","32510","39.16","-119.75","0"
"2020-02-29","Churchill","32001","39.58","-118.34","0"
"2020-02-29","Clark","32003","36.21","-115.01","0"
"2020-02-29","Douglas","32005","38.91","-119.62","0"
"2020-02-29","Washoe","32031","40.67","-119.66","0"
"2020-02-29","White Pine","32033","39.44","-114.90","0"
"2020-03-01","Washoe","32031","40.67","-119.66","0"
"2020-03-01","White Pine","32033","39.44","-114.90","0"
"2020-03-01","Lander","32015","39.93","-117.04","0"
"2020-03-01","Lincoln","32017","37.64","-114.88","0"
"2020-03-01","Lyon","32019","39.02","-119.19","0"
"2020-03-01","Mineral","32021","38.54","-118.43","0"
"2020-03-01","Nye","32023","38.04","-116.47","0"
"2020-03-01","Elko","32007","41.15","-115.36","0"
"2020-03-01","Esmeralda","32009","37.78","-117.63","0"
"2020-03-01","Eureka","32011","39.98","-116.27","0"
"2020-03-01","Humboldt","32013","41.41","-118.11","0"
"2020-03-01","Out of NV","80032","0.00","0.00","0"
"2020-03-01","Pershing","32027","40.44","-118.40","0"
"2020-03-01","Storey","32029","39.45","-119.53","0"
"2020-03-01","Unassigned","90032","0.00","0.00","0"
"2020-03-01","Carson City","32510","39.16","-119.75","0"
"2020-03-01","Churchill","32001","39.58","-118.34","0"
"2020-03-01","Clark","32003","36.21","-115.01","0"
"2020-03-01","Douglas","32005","38.91","-119.62","0"
"2020-03-02","Carson City","32510","39.16","-119.75","0"
"2020-03-02","Churchill","32001","39.58","-118.34","0"
"2020-03-02","Clark","32003","36.21","-115.01","0"
"2020-03-02","Douglas","32005","38.91","-119.62","0"
"2020-03-02","Lander","32015","39.93","-117.04","0"
"2020-03-02","Lincoln","32017","37.64","-114.88","0"
"2020-03-02","Lyon","32019","39.02","-119.19","0"
"2020-03-02","Mineral","32021","38.54","-118.43","0"
"2020-03-02","Nye","32023","38.04","-116.47","0"
"2020-03-02","Out of NV","80032","0.00","0.00","0"
"2020-03-02","Pershing","32027","40.44","-118.40","0"
"2020-03-02","Storey","32029","39.45","-119.53","0"
"2020-03-02","Unassigned","90032","0.00","0.00","0"
"2020-03-02","Elko","32007","41.15","-115.36","0"
"2020-03-02","Esmeralda","32009","37.78","-117.63","0"
"2020-03-02","Eureka","32011","39.98","-116.27","0"
"2020-03-02","Humboldt","32013","41.41","-118.11","0"
"2020-03-02","Washoe","32031","40.67","-119.66","0"
"2020-03-02","White Pine","32033","39.44","-114.90","0"
"2020-03-03","Unassigned","90032","0.00","0.00","0"
"2020-03-03","Washoe","32031","40.67","-119.66","0"
"2020-03-03","White Pine","32033","39.44","-114.90","0"
"2020-03-03","Carson City","32510","39.16","-119.75","0"
"2020-03-03","Churchill","32001","39.58","-118.34","0"
"2020-03-03","Clark","32003","36.21","-115.01","0"
"2020-03-03","Douglas","32005","38.91","-119.62","0"
"2020-03-03","Elko","32007","41.15","-115.36","0"
"2020-03-03","Esmeralda","32009","37.78","-117.63","0"
"2020-03-03","Eureka","32011","39.98","-116.27","0"
"2020-03-03","Humboldt","32013","41.41","-118.11","0"
"2020-03-03","Lander","32015","39.93","-117.04","0"
"2020-03-03","Lincoln","32017","37.64","-114.88","0"
"2020-03-03","Lyon","32019","39.02","-119.19","0"
"2020-03-03","Mineral","32021","38.54","-118.43","0"
"2020-03-03","Nye","32023","38.04","-116.47","0"
"2020-03-03","Out of NV","80032","0.00","0.00","0"
"2020-03-03","Pershing","32027","40.44","-118.40","0"
"2020-03-03","Storey","32029","39.45","-119.53","0"
"2020-03-04","Unassigned","90032","0.00","0.00","0"
"2020-03-04","Washoe","32031","40.67","-119.66","0"
"2020-03-04","White Pine","32033","39.44","-114.90","0"
"2020-03-04","Nye","32023","38.04","-116.47","0"
"2020-03-04","Out of NV","80032","0.00","0.00","0"
"2020-03-04","Pershing","32027","40.44","-118.40","0"
"2020-03-04","Storey","32029","39.45","-119.53","0"
"2020-03-04","Carson City","32510","39.16","-119.75","0"
"2020-03-04","Churchill","32001","39.58","-118.34","0"
"2020-03-04","Clark","32003","36.21","-115.01","0"
"2020-03-04","Douglas","32005","38.91","-119.62","0"
"2020-03-04","Lander","32015","39.93","-117.04","0"
"2020-03-04","Lincoln","32017","37.64","-114.88","0"
"2020-03-04","Lyon","32019","39.02","-119.19","0"
"2020-03-04","Mineral","32021","38.54","-118.43","0"
"2020-03-04","Elko","32007","41.15","-115.36","0"
"2020-03-04","Esmeralda","32009","37.78","-117.63","0"
"2020-03-04","Eureka","32011","39.98","-116.27","0"
"2020-03-04","Humboldt","32013","41.41","-118.11","0"
"2020-03-05","Elko","32007","41.15","-115.36","0"
"2020-03-05","Esmeralda","32009","37.78","-117.63","0"
"2020-03-05","Eureka","32011","39.98","-116.27","0"
"2020-03-05","Humboldt","32013","41.41","-118.11","0"
"2020-03-05","Nye","32023","38.04","-116.47","0"
"2020-03-05","Out of NV","80032","0.00","0.00","0"
"2020-03-05","Pershing","32027","40.44","-118.40","0"
"2020-03-05","Storey","32029","39.45","-119.53","0"
"2020-03-05","Carson City","32510","39.16","-119.75","0"
"2020-03-05","Churchill","32001","39.58","-118.34","0"
"2020-03-05","Clark","32003","36.21","-115.01","0"
"2020-03-05","Douglas","32005","38.91","-119.62","0"
"2020-03-05","Lander","32015","39.93","-117.04","0"
"2020-03-05","Lincoln","32017","37.64","-114.88","0"
"2020-03-05","Lyon","32019","39.02","-119.19","0"
"2020-03-05","Mineral","32021","38.54","-118.43","0"
"2020-03-05","Unassigned","90032","0.00","0.00","0"
"2020-03-05","Washoe","32031","40.67","-119.66","0"
"2020-03-05","White Pine","32033","39.44","-114.90","0"
"2020-03-06","Unassigned","90032","0.00","0.00","0"
"2020-03-06","Washoe","32031","40.67","-119.66","0"
"2020-03-06","White Pine","32033","39.44","-114.90","0"
"2020-03-06","Lander","32015","39.93","-117.04","0"
"2020-03-06","Lincoln","32017","37.64","-114.88","0"
"2020-03-06","Lyon","32019","39.02","-119.19","0"
"2020-03-06","Mineral","32021","38.54","-118.43","0"
"2020-03-06","Nye","32023","38.04","-116.47","0"
"2020-03-06","Out of NV","80032","0.00","0.00","0"
"2020-03-06","Pershing","32027","40.44","-118.40","0"
"2020-03-06","Storey","32029","39.45","-119.53","0"
"2020-03-06","Elko","32007","41.15","-115.36","0"
"2020-03-06","Esmeralda","32009","37.78","-117.63","0"
"2020-03-06","Eureka","32011","39.98","-116.27","0"
"2020-03-06","Humboldt","32013","41.41","-118.11","0"
"2020-03-06","Carson City","32510","39.16","-119.75","0"
"2020-03-06","Churchill","32001","39.58","-118.34","0"
"2020-03-06","Clark","32003","36.21","-115.01","0"
"2020-03-06","Douglas","32005","38.91","-119.62","0"
"2020-03-07","Elko","32007","41.15","-115.36","0"
"2020-03-07","Esmeralda","32009","37.78","-117.63","0"
"2020-03-07","Eureka","32011","39.98","-116.27","0"
"2020-03-07","Humboldt","32013","41.41","-118.11","0"
"2020-03-07","Lander","32015","39.93","-117.04","0"
"2020-03-07","Lincoln","32017","37.64","-114.88","0"
"2020-03-07","Lyon","32019","39.02","-119.19","0"
"2020-03-07","Mineral","32021","38.54","-118.43","0"
"2020-03-07","Nye","32023","38.04","-116.47","0"
"2020-03-07","Out of NV","80032","0.00","0.00","0"
"2020-03-07","Pershing","32027","40.44","-118.40","0"
"2020-03-07","Storey","32029","39.45","-119.53","0"
"2020-03-07","Carson City","32510","39.16","-119.75","0"
"2020-03-07","Churchill","32001","39.58","-118.34","0"
"2020-03-07","Clark","32003","36.21","-115.01","0"
"2020-03-07","Douglas","32005","38.91","-119.62","0"
"2020-03-07","Unassigned","90032","0.00","0.00","0"
"2020-03-07","Washoe","32031","40.67","-119.66","0"
"2020-03-07","White Pine","32033","39.44","-114.90","0"
"2020-03-08","Unassigned","90032","0.00","0.00","0"
"2020-03-08","Washoe","32031","40.67","-119.66","0"
"2020-03-08","White Pine","32033","39.44","-114.90","0"
"2020-03-08","Lander","32015","39.93","-117.04","0"
"2020-03-08","Lincoln","32017","37.64","-114.88","0"
"2020-03-08","Lyon","32019","39.02","-119.19","0"
"2020-03-08","Mineral","32021","38.54","-118.43","0"
"2020-03-08","Elko","32007","41.15","-115.36","0"
"2020-03-08","Esmeralda","32009","37.78","-117.63","0"
"2020-03-08","Eureka","32011","39.98","-116.27","0"
"2020-03-08","Humboldt","32013","41.41","-118.11","0"
"2020-03-08","Nye","32023","38.04","-116.47","0"
"2020-03-08","Out of NV","80032","0.00","0.00","0"
"2020-03-08","Pershing","32027","40.44","-118.40","0"
"2020-03-08","Storey","32029","39.45","-119.53","0"
"2020-03-08","Carson City","32510","39.16","-119.75","0"
"2020-03-08","Churchill","32001","39.58","-118.34","0"
"2020-03-08","Clark","32003","36.21","-115.01","0"
"2020-03-08","Douglas","32005","38.91","-119.62","0"
"2020-03-09","Carson City","32510","39.16","-119.75","0"
"2020-03-09","Churchill","32001","39.58","-118.34","0"
"2020-03-09","Clark","32003","36.21","-115.01","0"
"2020-03-09","Douglas","32005","38.91","-119.62","0"
"2020-03-09","Lander","32015","39.93","-117.04","0"
"2020-03-09","Lincoln","32017","37.64","-114.88","0"
"2020-03-09","Lyon","32019","39.02","-119.19","0"
"2020-03-09","Mineral","32021","38.54","-118.43","0"
"2020-03-09","Nye","32023","38.04","-116.47","0"
"2020-03-09","Out of NV","80032","0.00","0.00","0"
"2020-03-09","Pershing","32027","40.44","-118.40","0"
"2020-03-09","Storey","32029","39.45","-119.53","0"
"2020-03-09","Elko","32007","41.15","-115.36","0"
"2020-03-09","Esmeralda","32009","37.78","-117.63","0"
"2020-03-09","Eureka","32011","39.98","-116.27","0"
"2020-03-09","Humboldt","32013","41.41","-118.11","0"
"2020-03-09","Unassigned","90032","0.00","0.00","0"
"2020-03-09","Washoe","32031","40.67","-119.66","0"
"2020-03-09","White Pine","32033","39.44","-114.90","0"
"2020-03-10","Unassigned","90032","0.00","0.00","0"
"2020-03-10","Washoe","32031","40.67","-119.66","0"
"2020-03-10","White Pine","32033","39.44","-114.90","0"
"2020-03-10","Carson City","32510","39.16","-119.75","0"
"2020-03-10","Churchill","32001","39.58","-118.34","0"
"2020-03-10","Clark","32003","36.21","-115.01","0"
"2020-03-10","Douglas","32005","38.91","-119.62","0"
"2020-03-10","Elko","32007","41.15","-115.36","0"
"2020-03-10","Esmeralda","32009","37.78","-117.63","0"
"2020-03-10","Eureka","32011","39.98","-116.27","0"
"2020-03-10","Humboldt","32013","41.41","-118.11","0"
"2020-03-10","Lander","32015","39.93","-117.04","0"
"2020-03-10","Lincoln","32017","37.64","-114.88","0"
"2020-03-10","Lyon","32019","39.02","-119.19","0"
"2020-03-10","Mineral","32021","38.54","-118.43","0"
"2020-03-10","Nye","32023","38.04","-116.47","0"
"2020-03-10","Out of NV","80032","0.00","0.00","0"
"2020-03-10","Pershing","32027","40.44","-118.40","0"
"2020-03-10","Storey","32029","39.45","-119.53","0"
"2020-03-11","Unassigned","90032","0.00","0.00","0"
"2020-03-11","Washoe","32031","40.67","-119.66","0"
"2020-03-11","White Pine","32033","39.44","-114.90","0"
"2020-03-11","Nye","32023","38.04","-116.47","0"
"2020-03-11","Out of NV","80032","0.00","0.00","0"
"2020-03-11","Pershing","32027","40.44","-118.40","0"
"2020-03-11","Storey","32029","39.45","-119.53","0"
"2020-03-11","Carson City","32510","39.16","-119.75","0"
"2020-03-11","Churchill","32001","39.58","-118.34","0"
"2020-03-11","Clark","32003","36.21","-115.01","0"
"2020-03-11","Douglas","32005","38.91","-119.62","0"
"2020-03-11","Lander","32015","39.93","-117.04","0"
"2020-03-11","Lincoln","32017","37.64","-114.88","0"
"2020-03-11","Lyon","32019","39.02","-119.19","0"
"2020-03-11","Mineral","32021","38.54","-118.43","0"
"2020-03-11","Elko","32007","41.15","-115.36","0"
"2020-03-11","Esmeralda","32009","37.78","-117.63","0"
"2020-03-11","Eureka","32011","39.98","-116.27","0"
"2020-03-11","Humboldt","32013","41.41","-118.11","0"
"2020-03-12","Elko","32007","41.15","-115.36","0"
"2020-03-12","Esmeralda","32009","37.78","-117.63","0"
"2020-03-12","Eureka","32011","39.98","-116.27","0"
"2020-03-12","Humboldt","32013","41.41","-118.11","0"
"2020-03-12","Nye","32023","38.04","-116.47","0"
"2020-03-12","Out of NV","80032","0.00","0.00","0"
"2020-03-12","Pershing","32027","40.44","-118.40","0"
"2020-03-12","Storey","32029","39.45","-119.53","0"
"2020-03-12","Carson City","32510","39.16","-119.75","0"
"2020-03-12","Churchill","32001","39.58","-118.34","0"
"2020-03-12","Clark","32003","36.21","-115.01","0"
"2020-03-12","Douglas","32005","38.91","-119.62","0"
"2020-03-12","Lander","32015","39.93","-117.04","0"
"2020-03-12","Lincoln","32017","37.64","-114.88","0"
"2020-03-12","Lyon","32019","39.02","-119.19","0"
"2020-03-12","Mineral","32021","38.54","-118.43","0"
"2020-03-12","Unassigned","90032","0.00","0.00","0"
"2020-03-12","Washoe","32031","40.67","-119.66","0"
"2020-03-12","White Pine","32033","39.44","-114.90","0"
"2020-03-13","Unassigned","90032","0.00","0.00","0"
"2020-03-13","Washoe","32031","40.67","-119.66","0"
"2020-03-13","White Pine","32033","39.44","-114.90","0"
"2020-03-13","Lander","32015","39.93","-117.04","0"
"2020-03-13","Lincoln","32017","37.64","-114.88","0"
"2020-03-13","Lyon","32019","39.02","-119.19","0"
"2020-03-13","Mineral","32021","38.54","-118.43","0"
"2020-03-13","Nye","32023","38.04","-116.47","0"
"2020-03-13","Out of NV","80032","0.00","0.00","0"
"2020-03-13","Pershing","32027","40.44","-118.40","0"
"2020-03-13","Storey","32029","39.45","-119.53","0"
"2020-03-13","Elko","32007","41.15","-115.36","0"
"2020-03-13","Esmeralda","32009","37.78","-117.63","0"
"2020-03-13","Eureka","32011","39.98","-116.27","0"
"2020-03-13","Humboldt","32013","41.41","-118.11","0"
"2020-03-13","Carson City","32510","39.16","-119.75","0"
"2020-03-13","Churchill","32001","39.58","-118.34","0"
"2020-03-13","Clark","32003","36.21","-115.01","0"
"2020-03-13","Douglas","32005","38.91","-119.62","0"
"2020-03-14","Elko","32007","41.15","-115.36","0"
"2020-03-14","Esmeralda","32009","37.78","-117.63","0"
"2020-03-14","Eureka","32011","39.98","-116.27","0"
"2020-03-14","Humboldt","32013","41.41","-118.11","0"
"2020-03-14","Lander","32015","39.93","-117.04","0"
"2020-03-14","Lincoln","32017","37.64","-114.88","0"
"2020-03-14","Lyon","32019","39.02","-119.19","0"
"2020-03-14","Mineral","32021","38.54","-118.43","0"
"2020-03-14","Nye","32023","38.04","-116.47","0"
"2020-03-14","Out of NV","80032","0.00","0.00","0"
"2020-03-14","Pershing","32027","40.44","-118.40","0"
"2020-03-14","Storey","32029","39.45","-119.53","0"
"2020-03-14","Carson City","32510","39.16","-119.75","0"
"2020-03-14","Churchill","32001","39.58","-118.34","0"
"2020-03-14","Clark","32003","36.21","-115.01","0"
"2020-03-14","Douglas","32005","38.91","-119.62","0"
"2020-03-14","Unassigned","90032","0.00","0.00","0"
"2020-03-14","Washoe","32031","40.67","-119.66","0"
"2020-03-14","White Pine","32033","39.44","-114.90","0"
"2020-03-15","Unassigned","90032","0.00","0.00","0"
"2020-03-15","Washoe","32031","40.67","-119.66","0"
"2020-03-15","White Pine","32033","39.44","-114.90","0"
"2020-03-15","Lander","32015","39.93","-117.04","0"
"2020-03-15","Lincoln","32017","37.64","-114.88","0"
"2020-03-15","Lyon","32019","39.02","-119.19","0"
"2020-03-15","Mineral","32021","38.54","-118.43","0"
"2020-03-15","Elko","32007","41.15","-115.36","0"
"2020-03-15","Esmeralda","32009","37.78","-117.63","0"
"2020-03-15","Eureka","32011","39.98","-116.27","0"
"2020-03-15","Humboldt","32013","41.41","-118.11","0"
"2020-03-15","Nye","32023","38.04","-116.47","0"
"2020-03-15","Out of NV","80032","0.00","0.00","0"
"2020-03-15","Pershing","32027","40.44","-118.40","0"
"2020-03-15","Storey","32029","39.45","-119.53","0"
"2020-03-15","Carson City","32510","39.16","-119.75","0"
"2020-03-15","Churchill","32001","39.58","-118.34","0"
"2020-03-15","Clark","32003","36.21","-115.01","0"
"2020-03-15","Douglas","32005","38.91","-119.62","0"
"2020-03-16","Carson City","32510","39.16","-119.75","0"
"2020-03-16","Churchill","32001","39.58","-118.34","0"
"2020-03-16","Clark","32003","36.21","-115.01","1"
"2020-03-16","Douglas","32005","38.91","-119.62","0"
"2020-03-16","Lander","32015","39.93","-117.04","0"
"2020-03-16","Lincoln","32017","37.64","-114.88","0"
"2020-03-16","Lyon","32019","39.02","-119.19","0"
"2020-03-16","Mineral","32021","38.54","-118.43","0"
"2020-03-16","Nye","32023","38.04","-116.47","0"
"2020-03-16","Out of NV","80032","0.00","0.00","0"
"2020-03-16","Pershing","32027","40.44","-118.40","0"
"2020-03-16","Storey","32029","39.45","-119.53","0"
"2020-03-16","Elko","32007","41.15","-115.36","0"
"2020-03-16","Esmeralda","32009","37.78","-117.63","0"
"2020-03-16","Eureka","32011","39.98","-116.27","0"
"2020-03-16","Humboldt","32013","41.41","-118.11","0"
"2020-03-16","Unassigned","90032","0.00","0.00","0"
"2020-03-16","Washoe","32031","40.67","-119.66","0"
"2020-03-16","White Pine","32033","39.44","-114.90","0"
"2020-03-17","Unassigned","90032","0.00","0.00","0"
"2020-03-17","Washoe","32031","40.67","-119.66","0"
"2020-03-17","White Pine","32033","39.44","-114.90","0"
"2020-03-17","Carson City","32510","39.16","-119.75","0"
"2020-03-17","Churchill","32001","39.58","-118.34","0"
"2020-03-17","Clark","32003","36.21","-115.01","1"
"2020-03-17","Douglas","32005","38.91","-119.62","0"
"2020-03-17","Elko","32007","41.15","-115.36","0"
"2020-03-17","Esmeralda","32009","37.78","-117.63","0"
"2020-03-17","Eureka","32011","39.98","-116.27","0"
"2020-03-17","Humboldt","32013","41.41","-118.11","0"
"2020-03-17","Lander","32015","39.93","-117.04","0"
"2020-03-17","Lincoln","32017","37.64","-114.88","0"
"2020-03-17","Lyon","32019","39.02","-119.19","0"
"2020-03-17","Mineral","32021","38.54","-118.43","0"
"2020-03-17","Nye","32023","38.04","-116.47","0"
"2020-03-17","Out of NV","80032","0.00","0.00","0"
"2020-03-17","Pershing","32027","40.44","-118.40","0"
"2020-03-17","Storey","32029","39.45","-119.53","0"
"2020-03-18","Unassigned","90032","0.00","0.00","0"
"2020-03-18","Washoe","32031","40.67","-119.66","0"
"2020-03-18","White Pine","32033","39.44","-114.90","0"
"2020-03-18","Nye","32023","38.04","-116.47","0"
"2020-03-18","Out of NV","80032","0.00","0.00","0"
"2020-03-18","Pershing","32027","40.44","-118.40","0"
"2020-03-18","Storey","32029","39.45","-119.53","0"
"2020-03-18","Carson City","32510","39.16","-119.75","0"
"2020-03-18","Churchill","32001","39.58","-118.34","0"
"2020-03-18","Clark","32003","36.21","-115.01","1"
"2020-03-18","Douglas","32005","38.91","-119.62","0"
"2020-03-18","Lander","32015","39.93","-117.04","0"
"2020-03-18","Lincoln","32017","37.64","-114.88","0"
"2020-03-18","Lyon","32019","39.02","-119.19","0"
"2020-03-18","Mineral","32021","38.54","-118.43","0"
"2020-03-18","Elko","32007","41.15","-115.36","0"
"2020-03-18","Esmeralda","32009","37.78","-117.63","0"
"2020-03-18","Eureka","32011","39.98","-116.27","0"
"2020-03-18","Humboldt","32013","41.41","-118.11","0"
"2020-03-19","Elko","32007","41.15","-115.36","0"
"2020-03-19","Esmeralda","32009","37.78","-117.63","0"
"2020-03-19","Eureka","32011","39.98","-116.27","0"
"2020-03-19","Humboldt","32013","41.41","-118.11","0"
"2020-03-19","Nye","32023","38.04","-116.47","0"
"2020-03-19","Out of NV","80032","0.00","0.00","0"
"2020-03-19","Pershing","32027","40.44","-118.40","0"
"2020-03-19","Storey","32029","39.45","-119.53","0"
"2020-03-19","Carson City","32510","39.16","-119.75","0"
"2020-03-19","Churchill","32001","39.58","-118.34","0"
"2020-03-19","Clark","32003","36.21","-115.01","1"
"2020-03-19","Douglas","32005","38.91","-119.62","0"
"2020-03-19","Lander","32015","39.93","-117.04","0"
"2020-03-19","Lincoln","32017","37.64","-114.88","0"
"2020-03-19","Lyon","32019","39.02","-119.19","0"
"2020-03-19","Mineral","32021","38.54","-118.43","0"
"2020-03-19","Unassigned","90032","0.00","0.00","0"
"2020-03-19","Washoe","32031","40.67","-119.66","0"
"2020-03-19","White Pine","32033","39.44","-114.90","0"
"2020-03-20","Unassigned","90032","0.00","0.00","0"
"2020-03-20","Washoe","32031","40.67","-119.66","0"
"2020-03-20","White Pine","32033","39.44","-114.90","0"
"2020-03-20","Lander","32015","39.93","-117.04","0"
"2020-03-20","Lincoln","32017","37.64","-114.88","0"
"2020-03-20","Lyon","32019","39.02","-119.19","0"
"2020-03-20","Mineral","32021","38.54","-118.43","0"
"2020-03-20","Nye","32023","38.04","-116.47","0"
"2020-03-20","Out of NV","80032","0.00","0.00","0"
"2020-03-20","Pershing","32027","40.44","-118.40","0"
"2020-03-20","Storey","32029","39.45","-119.53","0"
"2020-03-20","Elko","32007","41.15","-115.36","0"
"2020-03-20","Esmeralda","32009","37.78","-117.63","0"
"2020-03-20","Eureka","32011","39.98","-116.27","0"
"2020-03-20","Humboldt","32013","41.41","-118.11","0"
"2020-03-20","Carson City","32510","39.16","-119.75","0"
"2020-03-20","Churchill","32001","39.58","-118.34","0"
"2020-03-20","Clark","32003","36.21","-115.01","2"
"2020-03-20","Douglas","32005","38.91","-119.62","0"
"2020-03-21","Elko","32007","41.15","-115.36","0"
"2020-03-21","Esmeralda","32009","37.78","-117.63","0"
"2020-03-21","Eureka","32011","39.98","-116.27","0"
"2020-03-21","Humboldt","32013","41.41","-118.11","0"
"2020-03-21","Lander","32015","39.93","-117.04","0"
"2020-03-21","Lincoln","32017","37.64","-114.88","0"
"2020-03-21","Lyon","32019","39.02","-119.19","0"
"2020-03-21","Mineral","32021","38.54","-118.43","0"
"2020-03-21","Nye","32023","38.04","-116.47","0"
"2020-03-21","Out of NV","80032","0.00","0.00","0"
"2020-03-21","Pershing","32027","40.44","-118.40","0"
"2020-03-21","Storey","32029","39.45","-119.53","0"
"2020-03-21","Carson City","32510","39.16","-119.75","0"
"2020-03-21","Churchill","32001","39.58","-118.34","0"
"2020-03-21","Clark","32003","36.21","-115.01","2"
"2020-03-21","Douglas","32005","38.91","-119.62","0"
"2020-03-21","Unassigned","90032","0.00","0.00","0"
"2020-03-21","Washoe","32031","40.67","-119.66","0"
"2020-03-21","White Pine","32033","39.44","-114.90","0"
"2020-03-22","Unassigned","90032","0.00","0.00","0"
"2020-03-22","Washoe","32031","40.67","-119.66","0"
"2020-03-22","White Pine","32033","39.44","-114.90","0"
"2020-03-22","Lander","32015","39.93","-117.04","0"
"2020-03-22","Lincoln","32017","37.64","-114.88","0"
"2020-03-22","Lyon","32019","39.02","-119.19","0"
"2020-03-22","Mineral","32021","38.54","-118.43","0"
"2020-03-22","Elko","32007","41.15","-115.36","0"
"2020-03-22","Esmeralda","32009","37.78","-117.63","0"
"2020-03-22","Eureka","32011","39.98","-116.27","0"
"2020-03-22","Humboldt","32013","41.41","-118.11","0"
"2020-03-22","Nye","32023","38.04","-116.47","0"
"2020-03-22","Out of NV","80032","0.00","0.00","0"
"2020-03-22","Pershing","32027","40.44","-118.40","0"
"2020-03-22","Storey","32029","39.45","-119.53","0"
"2020-03-22","Carson City","32510","39.16","-119.75","0"
"2020-03-22","Churchill","32001","39.58","-118.34","0"
"2020-03-22","Clark","32003","36.21","-115.01","2"
"2020-03-22","Douglas","32005","38.91","-119.62","0"
"2020-03-23","Carson City","32510","39.16","-119.75","0"
"2020-03-23","Churchill","32001","39.58","-118.34","0"
"2020-03-23","Clark","32003","36.21","-115.01","4"
"2020-03-23","Douglas","32005","38.91","-119.62","0"
"2020-03-23","Lander","32015","39.93","-117.04","0"
"2020-03-23","Lincoln","32017","37.64","-114.88","0"
"2020-03-23","Lyon","32019","39.02","-119.19","0"
"2020-03-23","Mineral","32021","38.54","-118.43","0"
"2020-03-23","Nye","32023","38.04","-116.47","0"
"2020-03-23","Out of NV","80032","0.00","0.00","0"
"2020-03-23","Pershing","32027","40.44","-118.40","0"
"2020-03-23","Storey","32029","39.45","-119.53","0"
"2020-03-23","Elko","32007","41.15","-115.36","0"
"2020-03-23","Esmeralda","32009","37.78","-117.63","0"
"2020-03-23","Eureka","32011","39.98","-116.27","0"
"2020-03-23","Humboldt","32013","41.41","-118.11","0"
"2020-03-23","Unassigned","90032","0.00","0.00","0"
"2020-03-23","Washoe","32031","40.67","-119.66","0"
"2020-03-23","White Pine","32033","39.44","-114.90","0"
"2020-03-24","Unassigned","90032","0.00","0.00","0"
"2020-03-24","Washoe","32031","40.67","-119.66","0"
"2020-03-24","White Pine","32033","39.44","-114.90","0"
"2020-03-24","Carson City","32510","39.16","-119.75","0"
"2020-03-24","Churchill","32001","39.58","-118.34","0"
"2020-03-24","Clark","32003","36.21","-115.01","4"
"2020-03-24","Douglas","32005","38.91","-119.62","0"
"2020-03-24","Elko","32007","41.15","-115.36","0"
"2020-03-24","Esmeralda","32009","37.78","-117.63","0"
"2020-03-24","Eureka","32011","39.98","-116.27","0"
"2020-03-24","Humboldt","32013","41.41","-118.11","0"
"2020-03-24","Lander","32015","39.93","-117.04","0"
"2020-03-24","Lincoln","32017","37.64","-114.88","0"
"2020-03-24","Lyon","32019","39.02","-119.19","0"
"2020-03-24","Mineral","32021","38.54","-118.43","0"
"2020-03-24","Nye","32023","38.04","-116.47","0"
"2020-03-24","Out of NV","80032","0.00","0.00","0"
"2020-03-24","Pershing","32027","40.44","-118.40","0"
"2020-03-24","Storey","32029","39.45","-119.53","0"
"2020-03-25","Unassigned","90032","0.00","0.00","0"
"2020-03-25","Washoe","32031","40.67","-119.66","0"
"2020-03-25","White Pine","32033","39.44","-114.90","0"
"2020-03-25","Nye","32023","38.04","-116.47","0"
"2020-03-25","Out of NV","80032","0.00","0.00","0"
"2020-03-25","Pershing","32027","40.44","-118.40","0"
"2020-03-25","Storey","32029","39.45","-119.53","0"
"2020-03-25","Carson City","32510","39.16","-119.75","0"
"2020-03-25","Churchill","32001","39.58","-118.34","0"
"2020-03-25","Clark","32003","36.21","-115.01","6"
"2020-03-25","Douglas","32005","38.91","-119.62","0"
"2020-03-25","Lander","32015","39.93","-117.04","0"
"2020-03-25","Lincoln","32017","37.64","-114.88","0"
"2020-03-25","Lyon","32019","39.02","-119.19","0"
"2020-03-25","Mineral","32021","38.54","-118.43","0"
"2020-03-25","Elko","32007","41.15","-115.36","0"
"2020-03-25","Esmeralda","32009","37.78","-117.63","0"
"2020-03-25","Eureka","32011","39.98","-116.27","0"
"2020-03-25","Humboldt","32013","41.41","-118.11","0"
"2020-03-26","Elko","32007","41.15","-115.36","0"
"2020-03-26","Esmeralda","32009","37.78","-117.63","0"
"2020-03-26","Eureka","32011","39.98","-116.27","0"
"2020-03-26","Humboldt","32013","41.41","-118.11","0"
"2020-03-26","Nye","32023","38.04","-116.47","0"
"2020-03-26","Out of NV","80032","0.00","0.00","0"
"2020-03-26","Pershing","32027","40.44","-118.40","0"
"2020-03-26","Storey","32029","39.45","-119.53","0"
"2020-03-26","Carson City","32510","39.16","-119.75","0"
"2020-03-26","Churchill","32001","39.58","-118.34","0"
"2020-03-26","Clark","32003","36.21","-115.01","6"
"2020-03-26","Douglas","32005","38.91","-119.62","0"
"2020-03-26","Lander","32015","39.93","-117.04","0"
"2020-03-26","Lincoln","32017","37.64","-114.88","0"
"2020-03-26","Lyon","32019","39.02","-119.19","0"
"2020-03-26","Mineral","32021","38.54","-118.43","0"
"2020-03-26","Unassigned","90032","0.00","0.00","4"
"2020-03-26","Washoe","32031","40.67","-119.66","0"
"2020-03-26","White Pine","32033","39.44","-114.90","0"
"2020-03-27","Unassigned","90032","0.00","0.00","0"
"2020-03-27","Washoe","32031","40.67","-119.66","0"
"2020-03-27","White Pine","32033","39.44","-114.90","0"
"2020-03-27","Lander","32015","39.93","-117.04","0"
"2020-03-27","Lincoln","32017","37.64","-114.88","0"
"2020-03-27","Lyon","32019","39.02","-119.19","0"
"2020-03-27","Mineral","32021","38.54","-118.43","0"
"2020-03-27","Nye","32023","38.04","-116.47","0"
"2020-03-27","Out of NV","80032","0.00","0.00","0"
"2020-03-27","Pershing","32027","40.44","-118.40","0"
"2020-03-27","Storey","32029","39.45","-119.53","0"
"2020-03-27","Elko","32007","41.15","-115.36","0"
"2020-03-27","Esmeralda","32009","37.78","-117.63","0"
"2020-03-27","Eureka","32011","39.98","-116.27","0"
"2020-03-27","Humboldt","32013","41.41","-118.11","0"
"2020-03-27","Carson City","32510","39.16","-119.75","0"
"2020-03-27","Churchill","32001","39.58","-118.34","0"
"2020-03-27","Clark","32003","36.21","-115.01","10"
"2020-03-27","Douglas","32005","38.91","-119.62","0"
"2020-03-28","Elko","32007","41.15","-115.36","0"
"2020-03-28","Esmeralda","32009","37.78","-117.63","0"
"2020-03-28","Eureka","32011","39.98","-116.27","0"
"2020-03-28","Humboldt","32013","41.41","-118.11","0"
"2020-03-28","Lander","32015","39.93","-117.04","0"
"2020-03-28","Lincoln","32017","37.64","-114.88","0"
"2020-03-28","Lyon","32019","39.02","-119.19","0"
"2020-03-28","Mineral","32021","38.54","-118.43","0"
"2020-03-28","Nye","32023","38.04","-116.47","0"
"2020-03-28","Out of NV","80032","0.00","0.00","0"
"2020-03-28","Pershing","32027","40.44","-118.40","0"
"2020-03-28","Storey","32029","39.45","-119.53","0"
"2020-03-28","Carson City","32510","39.16","-119.75","0"
"2020-03-28","Churchill","32001","39.58","-118.34","0"
"2020-03-28","Clark","32003","36.21","-115.01","10"
"2020-03-28","Douglas","32005","38.91","-119.62","0"
"2020-03-28","Unassigned","90032","0.00","0.00","0"
"2020-03-28","Washoe","32031","40.67","-119.66","0"
"2020-03-28","White Pine","32033","39.44","-114.90","0"
"2020-03-29","Unassigned","90032","0.00","0.00","0"
"2020-03-29","Washoe","32031","40.67","-119.66","1"
"2020-03-29","White Pine","32033","39.44","-114.90","0"
"2020-03-29","Lander","32015","39.93","-117.04","0"
"2020-03-29","Lincoln","32017","37.64","-114.88","0"
"2020-03-29","Lyon","32019","39.02","-119.19","0"
"2020-03-29","Mineral","32021","38.54","-118.43","0"
"2020-03-29","Elko","32007","41.15","-115.36","0"
"2020-03-29","Esmeralda","32009","37.78","-117.63","0"
"2020-03-29","Eureka","32011","39.98","-116.27","0"
"2020-03-29","Humboldt","32013","41.41","-118.11","0"
"2020-03-29","Nye","32023","38.04","-116.47","0"
"2020-03-29","Out of NV","80032","0.00","0.00","0"
"2020-03-29","Pershing","32027","40.44","-118.40","0"
"2020-03-29","Storey","32029","39.45","-119.53","0"
"2020-03-29","Carson City","32510","39.16","-119.75","0"
"2020-03-29","Churchill","32001","39.58","-118.34","0"
"2020-03-29","Clark","32003","36.21","-115.01","14"
"2020-03-29","Douglas","32005","38.91","-119.62","0"
"2020-03-30","Carson City","32510","39.16","-119.75","0"
"2020-03-30","Churchill","32001","39.58","-118.34","0"
"2020-03-30","Clark","32003","36.21","-115.01","14"
"2020-03-30","Douglas","32005","38.91","-119.62","0"
"2020-03-30","Lander","32015","39.93","-117.04","0"
"2020-03-30","Lincoln","32017","37.64","-114.88","0"
"2020-03-30","Lyon","32019","39.02","-119.19","0"
"2020-03-30","Mineral","32021","38.54","-118.43","0"
"2020-03-30","Nye","32023","38.04","-116.47","0"
"2020-03-30","Out of NV","80032","0.00","0.00","0"
"2020-03-30","Pershing","32027","40.44","-118.40","0"
"2020-03-30","Storey","32029","39.45","-119.53","0"
"2020-03-30","Elko","32007","41.15","-115.36","0"
"2020-03-30","Esmeralda","32009","37.78","-117.63","0"
"2020-03-30","Eureka","32011","39.98","-116.27","0"
"2020-03-30","Humboldt","32013","41.41","-118.11","0"
"2020-03-30","Unassigned","90032","0.00","0.00","0"
"2020-03-30","Washoe","32031","40.67","-119.66","1"
"2020-03-30","White Pine","32033","39.44","-114.90","0"
"2020-03-31","Unassigned","90032","0.00","0.00","0"
"2020-03-31","Washoe","32031","40.67","-119.66","3"
"2020-03-31","White Pine","32033","39.44","-114.90","0"
"2020-03-31","Carson City","32510","39.16","-119.75","0"
"2020-03-31","Churchill","32001","39.58","-118.34","0"
"2020-03-31","Clark","32003","36.21","-115.01","23"
"2020-03-31","Douglas","32005","38.91","-119.62","0"
"2020-03-31","Elko","32007","41.15","-115.36","0"
"2020-03-31","Esmeralda","32009","37.78","-117.63","0"
"2020-03-31","Eureka","32011","39.98","-116.27","0"
"2020-03-31","Humboldt","32013","41.41","-118.11","0"
"2020-03-31","Lander","32015","39.93","-117.04","0"
"2020-03-31","Lincoln","32017","37.64","-114.88","0"
"2020-03-31","Lyon","32019","39.02","-119.19","0"
"2020-03-31","Mineral","32021","38.54","-118.43","0"
"2020-03-31","Nye","32023","38.04","-116.47","0"
"2020-03-31","Out of NV","80032","0.00","0.00","0"
"2020-03-31","Pershing","32027","40.44","-118.40","0"
"2020-03-31","Storey","32029","39.45","-119.53","0"
"2020-04-01","Unassigned","90032","0.00","0.00","0"
"2020-04-01","Washoe","32031","40.67","-119.66","3"
"2020-04-01","White Pine","32033","39.44","-114.90","0"
"2020-04-01","Nye","32023","38.04","-116.47","0"
"2020-04-01","Out of NV","80032","0.00","0.00","0"
"2020-04-01","Pershing","32027","40.44","-118.40","0"
"2020-04-01","Storey","32029","39.45","-119.53","0"
"2020-04-01","Carson City","32510","39.16","-119.75","0"
"2020-04-01","Churchill","32001","39.58","-118.34","0"
"2020-04-01","Clark","32003","36.21","-115.01","28"
"2020-04-01","Douglas","32005","38.91","-119.62","0"
"2020-04-01","Lander","32015","39.93","-117.04","0"
"2020-04-01","Lincoln","32017","37.64","-114.88","0"
"2020-04-01","Lyon","32019","39.02","-119.19","0"
"2020-04-01","Mineral","32021","38.54","-118.43","0"
"2020-04-01","Elko","32007","41.15","-115.36","0"
"2020-04-01","Esmeralda","32009","37.78","-117.63","0"
"2020-04-01","Eureka","32011","39.98","-116.27","0"
"2020-04-01","Humboldt","32013","41.41","-118.11","0"
"2020-04-02","Elko","32007","41.15","-115.36","0"
"2020-04-02","Esmeralda","32009","37.78","-117.63","0"
"2020-04-02","Eureka","32011","39.98","-116.27","0"
"2020-04-02","Humboldt","32013","41.41","-118.11","0"
"2020-04-02","Nye","32023","38.04","-116.47","0"
"2020-04-02","Out of NV","80032","0.00","0.00","0"
"2020-04-02","Pershing","32027","40.44","-118.40","0"
"2020-04-02","Storey","32029","39.45","-119.53","0"
"2020-04-02","Carson City","32510","39.16","-119.75","0"
"2020-04-02","Churchill","32001","39.58","-118.34","0"
"2020-04-02","Clark","32003","36.21","-115.01","34"
"2020-04-02","Douglas","32005","38.91","-119.62","0"
"2020-04-02","Lander","32015","39.93","-117.04","0"
"2020-04-02","Lincoln","32017","37.64","-114.88","0"
"2020-04-02","Lyon","32019","39.02","-119.19","0"
"2020-04-02","Mineral","32021","38.54","-118.43","0"
"2020-04-02","Unassigned","90032","0.00","0.00","0"
"2020-04-02","Washoe","32031","40.67","-119.66","4"
"2020-04-02","White Pine","32033","39.44","-114.90","0"
"2020-04-03","Unassigned","90032","0.00","0.00","0"
"2020-04-03","Washoe","32031","40.67","-119.66","4"
"2020-04-03","White Pine","32033","39.44","-114.90","0"
"2020-04-03","Lander","32015","39.93","-117.04","0"
"2020-04-03","Lincoln","32017","37.64","-114.88","0"
"2020-04-03","Lyon","32019","39.02","-119.19","0"
"2020-04-03","Mineral","32021","38.54","-118.43","0"
"2020-04-03","Nye","32023","38.04","-116.47","0"
"2020-04-03","Out of NV","80032","0.00","0.00","0"
"2020-04-03","Pershing","32027","40.44","-118.40","0"
"2020-04-03","Storey","32029","39.45","-119.53","0"
"2020-04-03","Elko","32007","41.15","-115.36","0"
"2020-04-03","Esmeralda","32009","37.78","-117.63","0"
"2020-04-03","Eureka","32011","39.98","-116.27","0"
"2020-04-03","Humboldt","32013","41.41","-118.11","0"
"2020-04-03","Carson City","32510","39.16","-119.75","0"
"2020-04-03","Churchill","32001","39.58","-118.34","0"
"2020-04-03","Clark","32003","36.21","-115.01","39"
"2020-04-03","Douglas","32005","38.91","-119.62","0"
"2020-04-04","Elko","32007","41.15","-115.36","1"
"2020-04-04","Esmeralda","32009","37.78","-117.63","0"
"2020-04-04","Eureka","32011","39.98","-116.27","0"
"2020-04-04","Humboldt","32013","41.41","-118.11","0"
"2020-04-04","Lander","32015","39.93","-117.04","0"
"2020-04-04","Lincoln","32017","37.64","-114.88","0"
"2020-04-04","Lyon","32019","39.02","-119.19","0"
"2020-04-04","Mineral","32021","38.54","-118.43","0"
"2020-04-04","Nye","32023","38.04","-116.47","0"
"2020-04-04","Out of NV","80032","0.00","0.00","0"
"2020-04-04","Pershing","32027","40.44","-118.40","0"
"2020-04-04","Storey","32029","39.45","-119.53","0"
"2020-04-04","Carson City","32510","39.16","-119.75","0"
"2020-04-04","Churchill","32001","39.58","-118.34","0"
"2020-04-04","Clark","32003","36.21","-115.01","41"
"2020-04-04","Douglas","32005","38.91","-119.62","0"
"2020-04-04","Unassigned","90032","0.00","0.00","0"
"2020-04-04","Washoe","32031","40.67","-119.66","4"
"2020-04-04","White Pine","32033","39.44","-114.90","0"
"2020-04-05","Unassigned","90032","0.00","0.00","0"
"2020-04-05","Washoe","32031","40.67","-119.66","4"
"2020-04-05","White Pine","32033","39.44","-114.90","0"
"2020-04-05","Lander","32015","39.93","-117.04","0"
"2020-04-05","Lincoln","32017","37.64","-114.88","0"
"2020-04-05","Lyon","32019","39.02","-119.19","0"
"2020-04-05","Mineral","32021","38.54","-118.43","0"
"2020-04-05","Elko","32007","41.15","-115.36","1"
"2020-04-05","Esmeralda","32009","37.78","-117.63","0"
"2020-04-05","Eureka","32011","39.98","-116.27","0"
"2020-04-05","Humboldt","32013","41.41","-118.11","0"
"2020-04-05","Nye","32023","38.04","-116.47","0"
"2020-04-05","Out of NV","80032","0.00","0.00","0"
"2020-04-05","Pershing","32027","40.44","-118.40","0"
"2020-04-05","Storey","32029","39.45","-119.53","0"
"2020-04-05","Carson City","32510","39.16","-119.75","0"
"2020-04-05","Churchill","32001","39.58","-118.34","0"
"2020-04-05","Clark","32003","36.21","-115.01","41"
"2020-04-05","Douglas","32005","38.91","-119.62","0"
"2020-04-06","Carson City","32510","39.16","-119.75","0"
"2020-04-06","Churchill","32001","39.58","-118.34","0"
"2020-04-06","Clark","32003","36.21","-115.01","41"
"2020-04-06","Douglas","32005","38.91","-119.62","0"
"2020-04-06","Lander","32015","39.93","-117.04","0"
"2020-04-06","Lincoln","32017","37.64","-114.88","0"
"2020-04-06","Lyon","32019","39.02","-119.19","0"
"2020-04-06","Mineral","32021","38.54","-118.43","0"
"2020-04-06","Nye","32023","38.04","-116.47","0"
"2020-04-06","Out of NV","80032","0.00","0.00","0"
"2020-04-06","Pershing","32027","40.44","-118.40","0"
"2020-04-06","Storey","32029","39.45","-119.53","0"
"2020-04-06","Elko","32007","41.15","-115.36","1"
"2020-04-06","Esmeralda","32009","37.78","-117.63","0"
"2020-04-06","Eureka","32011","39.98","-116.27","0"
"2020-04-06","Humboldt","32013","41.41","-118.11","0"
"2020-04-06","Unassigned","90032","0.00","0.00","0"
"2020-04-06","Washoe","32031","40.67","-119.66","4"
"2020-04-06","White Pine","32033","39.44","-114.90","0"
"2020-04-07","Unassigned","90032","0.00","0.00","12"
"2020-04-07","Washoe","32031","40.67","-119.66","5"
"2020-04-07","White Pine","32033","39.44","-114.90","0"
"2020-04-07","Carson City","32510","39.16","-119.75","0"
"2020-04-07","Churchill","32001","39.58","-118.34","0"
"2020-04-07","Clark","32003","36.21","-115.01","54"
"2020-04-07","Douglas","32005","38.91","-119.62","0"
"2020-04-07","Elko","32007","41.15","-115.36","1"
"2020-04-07","Esmeralda","32009","37.78","-117.63","0"
"2020-04-07","Eureka","32011","39.98","-116.27","0"
"2020-04-07","Humboldt","32013","41.41","-118.11","0"
"2020-04-07","Lander","32015","39.93","-117.04","0"
"2020-04-07","Lincoln","32017","37.64","-114.88","0"
"2020-04-07","Lyon","32019","39.02","-119.19","0"
"2020-04-07","Mineral","32021","38.54","-118.43","0"
"2020-04-07","Nye","32023","38.04","-116.47","0"
"2020-04-07","Out of NV","80032","0.00","0.00","0"
"2020-04-07","Pershing","32027","40.44","-118.40","0"
"2020-04-07","Storey","32029","39.45","-119.53","0"
"2020-04-08","Unassigned","90032","0.00","0.00","0"
"2020-04-08","Washoe","32031","40.67","-119.66","6"
"2020-04-08","White Pine","32033","39.44","-114.90","0"
"2020-04-08","Nye","32023","38.04","-116.47","0"
"2020-04-08","Out of NV","80032","0.00","0.00","0"
"2020-04-08","Pershing","32027","40.44","-118.40","0"
"2020-04-08","Storey","32029","39.45","-119.53","0"
"2020-04-08","Carson City","32510","39.16","-119.75","0"
"2020-04-08","Churchill","32001","39.58","-118.34","0"
"2020-04-08","Clark","32003","36.21","-115.01","65"
"2020-04-08","Douglas","32005","38.91","-119.62","0"
"2020-04-08","Lander","32015","39.93","-117.04","0"
"2020-04-08","Lincoln","32017","37.64","-114.88","0"
"2020-04-08","Lyon","32019","39.02","-119.19","0"
"2020-04-08","Mineral","32021","38.54","-118.43","0"
"2020-04-08","Elko","32007","41.15","-115.36","1"
"2020-04-08","Esmeralda","32009","37.78","-117.63","0"
"2020-04-08","Eureka","32011","39.98","-116.27","0"
"2020-04-08","Humboldt","32013","41.41","-118.11","0"
"2020-04-09","Elko","32007","41.15","-115.36","1"
"2020-04-09","Esmeralda","32009","37.78","-117.63","0"
"2020-04-09","Eureka","32011","39.98","-116.27","0"
"2020-04-09","Humboldt","32013","41.41","-118.11","0"
"2020-04-09","Nye","32023","38.04","-116.47","0"
"2020-04-09","Out of NV","80032","0.00","0.00","0"
"2020-04-09","Pershing","32027","40.44","-118.40","0"
"2020-04-09","Storey","32029","39.45","-119.53","0"
"2020-04-09","Carson City","32510","39.16","-119.75","0"
"2020-04-09","Churchill","32001","39.58","-118.34","0"
"2020-04-09","Clark","32003","36.21","-115.01","71"
"2020-04-09","Douglas","32005","38.91","-119.62","0"
"2020-04-09","Lander","32015","39.93","-117.04","0"
"2020-04-09","Lincoln","32017","37.64","-114.88","0"
"2020-04-09","Lyon","32019","39.02","-119.19","0"
"2020-04-09","Mineral","32021","38.54","-118.43","0"
"2020-04-09","Unassigned","90032","0.00","0.00","1"
"2020-04-09","Washoe","32031","40.67","-119.66","8"
"2020-04-09","White Pine","32033","39.44","-114.90","0"
"2020-04-10","Unassigned","90032","0.00","0.00","4"
"2020-04-10","Washoe","32031","40.67","-119.66","10"
"2020-04-10","White Pine","32033","39.44","-114.90","0"
"2020-04-10","Lander","32015","39.93","-117.04","0"
"2020-04-10","Lincoln","32017","37.64","-114.88","0"
"2020-04-10","Lyon","32019","39.02","-119.19","0"
"2020-04-10","Mineral","32021","38.54","-118.43","0"
"2020-04-10","Nye","32023","38.04","-116.47","0"
"2020-04-10","Out of NV","80032","0.00","0.00","0"
"2020-04-10","Pershing","32027","40.44","-118.40","0"
"2020-04-10","Storey","32029","39.45","-119.53","0"
"2020-04-10","Elko","32007","41.15","-115.36","1"
"2020-04-10","Esmeralda","32009","37.78","-117.63","0"
"2020-04-10","Eureka","32011","39.98","-116.27","0"
"2020-04-10","Humboldt","32013","41.41","-118.11","0"
"2020-04-10","Carson City","32510","39.16","-119.75","0"
"2020-04-10","Churchill","32001","39.58","-118.34","0"
"2020-04-10","Clark","32003","36.21","-115.01","75"
"2020-04-10","Douglas","32005","38.91","-119.62","0"
"2020-04-11","Elko","32007","41.15","-115.36","1"
"2020-04-11","Esmeralda","32009","37.78","-117.63","0"
"2020-04-11","Eureka","32011","39.98","-116.27","0"
"2020-04-11","Humboldt","32013","41.41","-118.11","0"
"2020-04-11","Lander","32015","39.93","-117.04","0"
"2020-04-11","Lincoln","32017","37.64","-114.88","0"
"2020-04-11","Lyon","32019","39.02","-119.19","0"
"2020-04-11","Mineral","32021","38.54","-118.43","0"
"2020-04-11","Nye","32023","38.04","-116.47","0"
"2020-04-11","Out of NV","80032","0.00","0.00","0"
"2020-04-11","Pershing","32027","40.44","-118.40","0"
"2020-04-11","Storey","32029","39.45","-119.53","0"
"2020-04-11","Carson City","32510","39.16","-119.75","0"
"2020-04-11","Churchill","32001","39.58","-118.34","0"
"2020-04-11","Clark","32003","36.21","-115.01","75"
"2020-04-11","Douglas","32005","38.91","-119.62","0"
"2020-04-11","Unassigned","90032","0.00","0.00","16"
"2020-04-11","Washoe","32031","40.67","-119.66","10"
"2020-04-11","White Pine","32033","39.44","-114.90","0"
"2020-04-12","Unassigned","90032","0.00","0.00","0"
"2020-04-12","Washoe","32031","40.67","-119.66","11"
"2020-04-12","White Pine","32033","39.44","-114.90","0"
"2020-04-12","Lander","32015","39.93","-117.04","0"
"2020-04-12","Lincoln","32017","37.64","-114.88","0"
"2020-04-12","Lyon","32019","39.02","-119.19","0"
"2020-04-12","Mineral","32021","38.54","-118.43","0"
"2020-04-12","Elko","32007","41.15","-115.36","1"
"2020-04-12","Esmeralda","32009","37.78","-117.63","0"
"2020-04-12","Eureka","32011","39.98","-116.27","0"
"2020-04-12","Humboldt","32013","41.41","-118.11","0"
"2020-04-12","Nye","32023","38.04","-116.47","0"
"2020-04-12","Out of NV","80032","0.00","0.00","0"
"2020-04-12","Pershing","32027","40.44","-118.40","0"
"2020-04-12","Storey","32029","39.45","-119.53","0"
"2020-04-12","Carson City","32510","39.16","-119.75","0"
"2020-04-12","Churchill","32001","39.58","-118.34","0"
"2020-04-12","Clark","32003","36.21","-115.01","100"
"2020-04-12","Douglas","32005","38.91","-119.62","0"
"2020-04-13","Unassigned","90032","0.00","0.00","0"
"2020-04-13","Washoe","32031","40.67","-119.66","12"
"2020-04-13","White Pine","32033","39.44","-114.90","0"
"2020-04-13","Carson City","32510","39.16","-119.75","0"
"2020-04-13","Churchill","32001","39.58","-118.34","0"
"2020-04-13","Clark","32003","36.21","-115.01","101"
"2020-04-13","Douglas","32005","38.91","-119.62","0"
"2020-04-13","Elko","32007","41.15","-115.36","1"
"2020-04-13","Esmeralda","32009","37.78","-117.63","0"
"2020-04-13","Eureka","32011","39.98","-116.27","0"
"2020-04-13","Humboldt","32013","41.41","-118.11","0"
"2020-04-13","Lander","32015","39.93","-117.04","0"
"2020-04-13","Lincoln","32017","37.64","-114.88","0"
"2020-04-13","Lyon","32019","39.02","-119.19","0"
"2020-04-13","Mineral","32021","38.54","-118.43","0"
"2020-04-13","Nye","32023","38.04","-116.47","0"
"2020-04-13","Out of NV","80032","0.00","0.00","0"
"2020-04-13","Pershing","32027","40.44","-118.40","0"
"2020-04-13","Storey","32029","39.45","-119.53","0"
